cues,outcomes
g_a_r_r_e_t,m
k_y_r_i_e,f
d_e_r_o_n,m
d_o_n_t_e,m
s_t_e_r_l_i_n_g,m
n_i_k_o_l_e,f
d_o_y_l_e,m
c_a_t_h_l_e_e_n,f
b_r_i_t_t,m
k_r_i_s_t_i_a_n,m
s_a_n_d_r_a,m
k_h_a_l_i_l,m
a_l_b_y,m
o_c_t_a_v_e,m
h_u_n_g,m
t_o_l_l_i_e,m
c_a_m_i_s_h_a,f
k_i_e_f_e_r,m
s_t_e_f_a_n,m
h_a_i_l_e_e,f
d_e_s_t_i_n_e_e,f
r_o_c_k,m
m_c_k_i_n_l_e_y,m
c_h_i_p,m
m_a_k_a_l_a,f
c_r_e_e_d,m
r_e_n_e,m
e_l_o_d_i_e,f
l_e_t_t_i_e,f
p_a_y_t_o_n,m
t_i_m_m_i_e,m
m_a_s_a_o,m
r_e_i_d,m
d_a_n_y_e_l,f
c_h_a_n_t_e,f
i_r_v_a,f
a_l_l_a,f
e_a_r_l_e_n_e,f
d_o_n_n_i_e,m
j_a_k_o_b_e,m
e_m_e_l_i_e,f
s_h_a_q_u_a_n_a,f
g_i_f_f_o_r_d,m
a_r_d_i_s,f
c_e_i_l,f
h_i_l_l_a_r_y,m
l_u,f
h_a_n_s_o_n,m
b_e_a_d_i_e,f
d_a_n_y_e_l_l_e,f
m_a_r_c_e_l_i_n_a,f
v_i_r_g_l_e,m
a_n_d_e_r_s_o_n,m
r_e_u_b_e_n,m
l_u_r_l_i_n_e,f
r_a_m_o_n,m
d_e_n_i_s,m
a_g_u_s_t_a,f
e_t_h_e_r,f
h_u_b_b_a_r_d,m
j_o_h_n_p_a_u_l,m
d_e_l_m_e_r,m
e_v_i_t_a,f
j_i_l_l_i_a_n,f
c_h_a_y_a,f
p_a_t_r_i_c_e,f
l_i_d_a,f
s_e_l_m_a,f
v_a_n_n_i_e,f
c_o_l_l_i_n,m
k_i_p_p,m
o_l_e_n_a,f
m_a_d_d_e_n,m
r_o_x_a_n_n,f
e_l_y,m
d_r_a_k_e,m
d_e_n_i_t_a,f
j_a_z_m_i_n_e,f
l_o_l_i_t_a,f
i_b_r_a_h_i_m,m
d_o_r_a_t_h_e_a,f
n_i_n_a,f
m_e_g,f
d_j_u_a_n_a,f
g_e_o_v_a_n_n_i,m
j_o_h_a_n,m
k_e_r_w_i_n,m
p_a_t_t_y,f
s_h_i_r_l_i_e,f
l_e_t_t_a,f
l_e_s_t_e_r,m
t_i_m_m_o_t_h_y,m
a_u_d_r_e_y,m
t_a_y_s_h_a_u_n,m
b_e_t_h_a,f
p_o_r_t_i_a,f
c_o_u_r_t_l_a_n_d,m
a_n_t_o_n,m
m_i_l_l_i_e,f
a_t_h_e_n_a,f
k_y_l_e,m
e_m_e_l_y,f
o_n_n_i_e,f
t_a_m_m_i_e,f
s_u_m_m_e_r,f
j_a_y_l_i_n,m
r_o_e_n_a,f
s_h_e_r_y_l_l,f
e_r_l_a,f
s_h_e_r_r_e_e,f
i_d_e_l_l,f
n_i_c_h_o_l_e,f
n_i_c_h_o_l,f
m_i_r_e_y_a,f
k_a_c_y,f
a_l_i_s_h_a,f
m_a_r_l_a_n_a,f
c_h_a_r_l_e_n_e,f
b_l_a_n_c_h_i_e,f
j_a_y_c_i_e,f
h_a_l_i,f
c_h_r_i_s_t_i_o_n,m
d_u_s_t_y,m
j_a_r_r_e_d,m
o_u_i_d_a,f
h_a_m_p,m
a_l_e_x,m
e_l_m_e_r,m
g_u_t_h_r_i_e,m
m_a_u_r_i_c_i_o,m
d_a_r_y_n,m
b_u_f_o_r_d,m
e_n_o_c_h,m
m_a_k_e_n_z_i_e,f
g_u_i_l_f_o_r_d,m
w_i_l_d_a,f
j_e_r_e_d,m
l_e_o_r_a,f
c_a_i_n,m
p_a_u_l_e_t_t_a,f
d_e_e_n_a,f
c_h_a_r_l_s_i_e,f
w_a_l_d_o,m
m_i_k_a_y_l_a,f
d_a_w_s_o_n,m
b_e_s_s_e,f
s_p_e_n_s_e_r,m
r_o_s_a_l_i_a,f
j_e_r_r_o_l_d,m
p_a_y_t_e_n,f
f_r_a_n_c_e_s,m
j_o_a_q_u_i_n,m
r_o_m_i_e,m
b_y_n_u_m,m
t_i_n_n_i_e,f
c_o_e_n,m
e_v_a_n_g_e_l_i_n_e,f
w_i_l_b_u_r_n,m
m_a_r_n_i,f
a_l_v_i_n_a,f
t_r_a_c_i_e,f
m_a_r_l_e_n_e,f
j_a_k_o_b,m
j_a_r_e_t_t,m
c_a_r_r_i,f
p_h_i_l_l_i_s,f
t_r_i_s_t_a_n,m
m_i_l_a_g_r_o_s,f
j_o_s_e_l_y_n,f
h_a_r_l_i_e,m
c_h_a_d_d,m
g_o_r_d_o_n,m
k_o_l_t_e_n,m
p_a_t_r_i_c_a,f
t_a_n_g_e_l_a,f
p_h_i_l_o,m
r_o_w_l_a_n_d,m
a_l_a_n,m
t_i_t_u_s,m
k_a_t_h_i_e,f
a_u_b_r_a,m
a_n_n_a_b_e_l_l_a,f
s_h_a_n_i_c_e,f
a_n_t_o_i_n_e_t_t_e,f
a_u_d_r_y,f
c_h_r_i_s,m
j_o_e_s_e_p_h,m
i_v_e_t_t_e,f
p_a_s_q_u_a_l_e,m
c_a_r_o_l_e_e,f
d_a_r_c_i_e,f
n_a_t_a_l_y_a,f
n_a_t_a_l_y,f
f_e_r_m_a_n,m
d_o_n_t_a_e,m
a_u_t_h_e_r,m
d_e_n_v_e_r,m
j_a_n_e_t,m
c_a_r_r_y,f
e_r_l_i_n_d_a,f
d_a_y_a_m_i,f
p_i_n_k,m
i_l_o_n_a,f
f_l_o_s_s_i_e,f
v_i_t_o,m
a_l_v_e_r_t_a,f
n_o_r_i_t_a,f
j_a_e_l_y_n_n,f
m_a_y_a,f
l_e_v_i,m
m_a_h_a_l_i_e,f
k_e_l_a_n,m
s_u_z_i_e,f
m_i_r_a_n_d_a,f
c_a_r_m_e_l,m
h_e_b_e_r,m
n_o_r_e_e_n,f
v_e_l_v_a,f
p_o_r_f_i_r_i_o,m
m_a_x_i_m,m
d_a_u_n_t_e,m
l_o_r_i_s,f
g_r_a_y,m
l_a_v_e_r_n_a,f
m_i_n_e_r,m
k_a_t_h_r_y_n_e,f
m_o_h_a_m_m_e_d,m
a_r_m_i_n_t_a,f
t_i_f_f_a_n_i_e,f
v_i_c,m
c_l_e_m_i_e,f
k_y_l_e_r,m
n_a_t_h_a_n_i_e_l,m
v_i_c_t_o_r,m
d_a_r_r_i_e_n,m
a_d_m_i_r_a_l,m
r_e_i_n_h_o_l_d,m
s_a_n_d_y,m
o_s_v_a_l_d_o,m
e_r_w_i_n,m
m_i_s_t_i_e,f
l_o_n_g,m
j_e_n_n_i_n_g_s,m
c_l_a_b_e,m
g_l_e_n_d_o_r_a,f
e_n_i_d,f
c_a_r_l_o_t_t_a,f
g_e_e,m
p_a_t_r_i_c,m
j_u_l_i_e,f
k_a_l_a,f
i_m_o,f
r_o_s_s_i_e,m
e_u_l_a,m
d_a_r_e_n,m
l_o_r_e_n_z,m
l_e_s_t_a,f
c_r_i_s_s_y,f
r_a_s_h_a_w_n,m
h_e_l_l_e_n,f
m_a_x_i_n_e,f
r_o_s_e_v_e_l_t,m
a_t_t_i_l_i_o,m
a_b_e_l_a_r_d_o,m
e_b_b_a,f
s_o_n_j_a,f
z_e_b_u_l_o_n,m
j_a_v_e_n,m
n_e_e_l_y,m
i_z_o_l_a,f
e_d_w,m
c_r_i_s_t_y,f
k_e_n_j_i,m
i_l_l_y_a,m
n_o_b_i_e,f
d_e_l_p_h_i_a,f
f_r_a_n_c_i_s_c_a,f
n_e_l_l,f
a_r_b_i_e,m
m_a_t_t_h_e_w,m
d_i_c_k_i_e,m
a_n_g_e_l_e_s,f
d_o_n_a_c_i_a_n_o,m
a_l_v_i_s,m
m_a_r_l_e_e,f
e_m_a_l_i_n_e,f
m_a_r_g_e_r_e_t,f
m_a_c_h_e_l_l_e,f
m_a_d_i_s_o_n,m
a_r_d_y_c_e,f
l_e_x_i_s,f
c_h_a_r_l_e,m
a_n_t_o_n_i_n_a,f
c_l_a_r_a_b_e_l_l_e,f
j_o_r_g_e,m
l_a_t_o_y_a,f
k_a_m_i_l_a_h,f
k_o_r_e_y,m
o_m_i_e,f
a_l_g_e_r_n_o_n,m
l_a_s_h_a_n_d_a,f
a_r_i,m
s_t_e_p_h_a_n_i_e,m
l_a_v_o_n,m
g_i_o_v_a_n_n_y,m
d_e_s_t_i_n,m
g_r_a_y_d_o_n,m
f_l_e_t_c_h_e_r,m
s_e_r_i_n_a,f
l_e_a_n_d_r_a,f
l_a_r_a_i_n_e,f
j_a_l_e_e_l,m
e_r_i_k,m
b_u_t_l_e_r,m
b_u_r_e_n,m
d_a_v_a_n_t_e,m
r_e_b_e_c_c_a,m
c_a_m_r_y_n,m
l_e_m,m
k_i_a_n_a,f
c_h_e_r_r_i_e,f
s_h_a_n_a,f
n_o_l_a_n,m
j_u_d_s_o_n,m
m_i_a,f
j_a_z_l_y_n_n,f
s_h_a_y,m
a_k_i_r_a,m
c_l_e_v_a,f
p_r_a_t_t,m
a_l_e_x_a_n_d_r_e,m
s_h_e_i_l_a,f
s_h_e_r_w_i_n,m
r_o_l_l,m
i_s_i_d_r_o,m
c_i_e_r_r_a,f
t_h_a_l_i_a,f
k_h_a_d_i_j_a_h,f
a_h_m_e_d,m
n_e_l_l_o,m
h_o_b_s_o_n,m
d_a_k_o_d_a,m
c_h_a_r_l_t_o_n,m
f_e_r_n,m
d_a_y_t_o_n,m
l_o_w_e_l_l,m
d_o_m_i_n_q_u_e,m
r_o_d,m
t_h_r_e_s_a,f
r_e_n_a_d_a,f
k_a_r_s_o_n,m
o_r_v_i_l,m
m_o_z_e_l_l_e,f
b_a_r_r_o_n,m
d_e_b_b_i,f
d_o_t_t_i_e,f
t_e_r_r_i_e,f
r_o_d_e_r_i_c_k,m
j_a_n_e_l,f
w_a_r_d,m
a_r_l_y,f
m_a_l_a_k_i,m
l_e_a_n_a,f
z_h_a_n_e,f
c_h_e_s_t_i_n_a,f
d_e_l_m_a,m
a_l_f,m
e_v_e_r,f
r_u_i_e,f
l_o_n_n_y,m
l_i_z,f
j_a_m_i_n,m
p_e_n_e_l_o_p_e,f
t_o_y,m
a_d_r_i_a,f
s_a_b_a_s_t_i_a_n,m
e_r_m_i_n_a,f
w_e_l_d_o_n,m
s_a_r_a_h,m
m_a_r_t_i,f
e_t_n_a,f
j_a_q_u_e_z,m
f_r_e_d_i_e,m
b_i_l_l,m
t_a_w_n_y_a,f
n_i_k_o_l_a_s,m
j_e_r_e_m_i_a_h,m
j_u_n_i_e,f
l_e_r_a,f
k_e_n_n_e_d_y,m
c_h_a_n_t_a_l,f
l_u_c_a_s,m
b_e_t_t_y,m
j_o_n_a_t_h_a_n,m
r_y_l_a_n,m
d_a_v_i_n,m
t_y_e,m
l_o_n_e,m
a_r_c_h_i_b_a_l_d,m
d_o_n_a_v_o_n,m
b_e_r_t_a,f
c_l_a_r_n_c_e,m
c_l_e_m_m_i_e,m
t_y_r_e_e,m
a_m_y_a,f
l_e_a_t_r_i_c_e,f
k_a_y_l_i_e,f
o_v_a,m
d_a_r_i_e_n,m
b_r_a_d,m
v_e_r_e_n_a,f
h_y_m_a_n,m
w_i_n_t_e_r,f
l_e_i_g_h_t_o_n,m
j_a_d_a,f
g_i_l_e_s,m
e_l_t_o_n,m
d_e_l_b_e_r_t,m
a_s_h_t_o_n,m
s_h_a_w_a_n_d_a,f
n_a_d_a,f
c_a_r_o,f
c_e_s_a_r,m
r_o_x_a_n_a,f
l_a_m_o_n_t,m
f_r_o_n_a,f
a_m_e_l_i_e,f
p_i_n_k_n_e_y,m
a_l_a_n_n_a_h,f
j_a_b_a_r_i,m
m_a_k_h_i,m
j_a_z_m_y_n_e,f
v_e_r_n_i_e,m
e_l_i_o_t,m
e_l_w_o_o_d,m
g_a_s_p_e_r,m
a_i_s_h_a,f
g_e_r_t_h_a,f
e_u_d_o_r_a,f
l_i_s_e_t_t_e,f
d_i_l_l_a_r_d,m
l_a_u_r_e_t_t_a,f
t_e_d_d_y,m
c_o_r_t_e_z,m
l_e_o_n_t_i_n_e,f
m_a_l_i_y_a_h,f
e_l_l_i_a_n_a,f
g_e_r_a_r_d_o,m
l_o_v_e_y,f
s_t_a_c_i,f
l_i_t_z_y,f
i_s_a_b_e_l_l,f
s_a_r_r_a_h,f
s_h_e_r_y_l,f
e_s_k_e_r,m
k_i_m_b_e_r_l_i_e,f
g_a_r_r_i_s_o_n,m
n_e_w_t,m
c_o_n_a_r_d,m
c_a_s_s_o_n_d_r_a,f
m_a_n_e_r_v_a,f
j_o_r_d_y_n,m
e_t_t_e_r,f
s_a_v_i_o_n,m
o_m_e_r,m
r_o_c_i_o,f
m_o_n_t_s_e_r_r_a_t,f
a_b_r_a_h_a_m,m
g_e_o,m
l_o_v_e_l_l,m
r_i_c_k,m
m_a_r_i_a_n_n_a,f
o_v_i_l_a,m
h_a_r_d_y,m
b_r_i_a_n_n_a,f
k_a_t_t_i_e,f
l_u_e,m
l_e_l_a_n_d,m
l_i_z_e_t_h,f
p_a_u_l,m
g_e_r_t_r_u_d_e,m
e_i_n_o,m
m_a_r_i_a_n_a,f
r_i_c_h_i_e,m
a_j_a,f
b_e_n_j_a_m_i_n_e,m
t_y_r_o_n_e,m
d_a_q_u_a_n,m
h_i_l_a_h,f
g_a_r_o_l_d,m
m_o_n_t_r_e_l_l,m
j_a_s_m_y_n,f
l_y_n_d_o_n,m
b_e_a_t_r_i_x,f
e_l_t_a,f
j_e_r_r_a_d,m
m_a_r_c_e_l_i_n_e,f
p_r_i_m_u_s,m
h_e_r_t_h_a,f
e_a_s_t_e_r,f
j_a_r_a_d,m
d_i_n_o,m
b_u_r_n_i_c_e,m
j_a_m_a_r_i_o_n,m
e_s_t_e_l_l_a,f
b_u_e_l,m
e_r_i_c_k_a,f
k_a_y_l_y_n,f
d_e_i_r_d_r_e,f
l_e_i_l_a,f
v_i_o_l_e_t_t_a,f
s_h_y_h_e_i_m,m
k_a_i_l_e_y,f
p_e_r_r_y,m
g_r_e_g_g_o_r_y,m
a_n_g_e_l,m
d_e_b_r_a,m
t_r_a_c_y,m
e_s_s_i_e,m
l_a_v_a_d_a,f
l_e_a_n_d_e_r,m
m_a_r_q_u_i_s,m
l_i_g_e,m
r_o_n,m
c_r_i_s_t_a_l,f
m_o_s_e,m
c_a_n_d_y,f
t_i_e_r_a,f
c_a_e_l,m
d_e_b_o_r_a_h,m
b_r_y_c_e_n,m
b_u_r_r_e_l,m
l_i_l_l_e_r,f
k_e_o_n,m
v_e_r_t_i_e,f
e_l_e_x,m
i_s_i_d_o_r_e,m
l_o_r_i_e,f
m_e_d_a,f
a_l_m_e_d_a,f
i_s_h_a_m,m
m_i_a_h,f
c_o_o_l_i_d_g_e,m
c_a_l_d_o_n_i_a,f
j_e_a_n_n_i_n_e,f
o_a_k_l_e_y,m
m_a_y_m_e,f
r_o_h_a_n,m
l_e_w_i_s,m
n_a_t_h_a_l_i_e,f
l_e_n_a_r_d,m
m_a_r_g_a_r_i_t_e,f
s_h_i_e_l_a,f
n_o_r_r_i_s,m
c_a_r_m_e_l_i_t_a,f
k_r_i_s_t_a_n,f
j_a_u_n_i_t_a,f
i_m_a_n_o_l,m
b_r_i_t_t_a_n_i,f
d_e_q_u_a_n,m
e_m_m_i_e,f
i_m_m_a_n_u_e_l,m
s_h_a_l_o_n,f
l_o_r_r_i_e,f
k_a_y_l_a_n,f
h_j_a_l_m_a_r,m
n_a_p_o_l_e_o_n,m
c_a_r_i_e,f
m_a_y_b_e_l_l_e,f
l_o_c_k_i_e,f
a_n_g_e_l_i_n_e,f
y_o_s_h_i_k_o,f
p_o_l_k,m
c_l_a_r_a_n_c_e,m
n_a_m_o_n,m
j_a_d_e_n,m
w_e_s_t_l_e_y,m
k_a_t_a_r_i_n_a,f
s_i_d_d_i_e,f
l_a_w_s_o_n,m
m_i_k_e,m
k_o_r_t_n_e_y,f
b_r_y_l_e_e,f
b_a_y_l_i_e,f
m_y_r_t_i_c_e,f
a_l_e_t_a,f
n_e_h_e_m_i_a_h,m
m_e_r_c_y,f
c_a_i_t_l_y_n,f
f_r_a_n_c_i_n_e,f
s_e_a_m_u_s,m
l_o_r_i_a,f
o_s_b_o_r_n_e,m
s_e_l_m_e_r,m
c_l_a_r_i_c_e,f
e_f_r_e_m,m
x_a_v_i_e_r,m
m_y_r_t_a,f
o_f_f_i_e,m
n_a_d_i_n_e,f
p_h_i_l_i_p,m
d_e_m_e_t_r_i,m
l_a_r_i_s_s_a,f
r_u_s_h,m
b_r_a_e_d_e_n,m
k_e_e_l_e_y,f
l_i_s_h_a,f
r_a_e_g_a_n,f
e_l_l_a,m
l_a_l_a,f
s_h_a_n_d_r_a,f
j_o_n_a_h,m
g_e_n_a,f
e_d_l_a,f
p_a_o_l_a,f
n_a_n_n_a,f
e_l_i_a_n,m
a_l_e_s_s_a_n_d_r_o,m
k_i_t,m
m_a_r_i_t_z_a,f
a_h_m_a_d,m
g_e_n_o_v_e_v_a,f
f_i_t_z_h_u_g_h,m
e_l_e_n_o_r,f
l_i_t_t_i_e,f
o_r_l_e_y,m
p_a_m_e_l_l_a,f
a_i_d_e_n,m
l_e_n_n_y,m
p_o_s_e_y,m
n_a_s_i_r,m
a_m_i_l,m
r_u_e_b_e_n,m
p_h_i_l,m
j_o_e_s_p_h,m
o_r_i_l_l_a,f
r_a_n_d_a_l_l,m
p_a_i_s_l_e_y,f
t_h_e_o_d_o_s_i_a,f
e_s_p_e_r_a_n_z_a,f
a_d_a_m_s,m
a_d_e_l_l_a,f
m_i_n_n_a,f
a_s_h_l_e_i_g_h,f
b_e_r_t,m
m_a_r_q_u_i_t_a,f
a_l_f_r_e_d,m
v_e_r_e,m
e_t_h_e_n,m
i_s_a_i_a_s,m
c_l_i_f_f,m
l_u_c_i_l_l_e,m
j_a_c_l_y_n,f
k_a_r_i_s,f
b_e_t_t_y_j_a_n_e,f
e_s_a_u,m
b_e_l_i_n_d_a,f
w_a_l_l_y,m
s_i_b_y_l,f
s_e_l_e_n_e,f
s_i_l_v_e_s_t_e_r,m
d_e_r_r_e_l_l,m
s_t_o_n_e_y,m
s_p_r_i_n_g,f
a_u_b_r_e_y,m
l_u_c_i_n_d_a,f
a_i_d_a,f
t_o_r_r_e_y,m
i_s_a_b_e_l_l_a,f
m_i_l_i_s_s_a,f
b_e_r_n_i_t_a,f
a_r_n_a_v,m
t_a_v_i_a_n,m
m_e_r_n_a,f
n_e_v_a_d_a,f
o_d_i_s,m
t_r_u_m_a_i_n_e,m
l_u_c,m
g_i_l_m_e_r,m
t_o_b_i,f
m_e_r_l_e_n_e,f
d_e_s_h_a_u_n,m
s_i_m_m_i_e,m
f_l_e_e_t_a,f
e_l_e_n_o_r_e,f
h_a_r_r_i_s_o_n,m
s_y_b_i_l,f
d_e_l_i_s_a,f
b_r_e_n_d_a_n,m
s_t_a_c_y,m
h_a_r_v_y,m
l_o_u_e_l_l_a,f
m_e_r_t_o_n,m
m_o_n_t_i_e,m
c_a_n_y_o_n,m
a_l_p_h_o_n_s,m
a_r_e_l_y,f
t_i_e_r_r_a,f
z_e_l_p_h_a,f
n_e_a_l,m
c_h_r_i_s_t_e_e_n,f
d_a_w_n_e,f
d_o_l_o_r_i_s,f
m_a_l_c_o_m,m
m_y_e_r,m
d_e_m_a_r_c_u_s,m
h_i_l_d_e_g_a_r_d,f
d_a_r_i_o,m
a_u_t_h_o_r,m
e_z_z_a_r_d,m
g_r_a_y_s_o_n,m
r_o_l_l_o,m
v_e_r_l_i_e,f
n_y_a,f
k_a_t_h_a_r_i_n_e,f
b_l_u_f_o_r_d,m
i_s_i_a_h,m
z_a_i_d_a,f
k_r_i_s_t_o_f_f_e_r,m
n_e_r_e_i_d_a,f
p_h_i_l_o_m_e_n_e,f
n_i_r_a,f
s_h_e_d_r_i_c_k,m
n_a_j_e_e,m
a_n_t_o_n_i_a,m
l_o_u_i_s_e,m
l_e_a_n_n,f
o_c_t_a_v_i_o,m
f_a_l_l_o_n,f
g_a_i_t_h_e_r,m
e_m_m_e_r,f
l_u_s_t_e_r,m
n_i_k_o_l_a_i,m
c_e_c_i_l_e,f
j_a_y,m
m_u_r_i_e_l,f
r_o_s_a_n_n_e,f
d_a_m_a_r_c_u_s,m
a_n_d_r_a_e,m
g_l_o_r_i_a,m
k_h_a_r_i,m
k_a_y_l_e_y,f
n_i_c_k_y,m
b_e_r_t_o_n,m
t_e_r_e_l_l,m
r_o_n_i,f
r_i_c_h,m
k_e_n_i_a,f
m_c_k_a_y_l_a,f
t_h_o_m_a_s_i_n_a,f
e_s_t_e_l_l,m
o_l_i_v_e_r,m
a_m_o_s,m
c_a_r_o_l_e,f
k_e_a_n_u,m
i_s_a_d_o_r_a,f
v_a_u_g_h_n,m
p_a_t_r_i_c_i_a,m
c_l_e_d_a,f
m_a_l_i_k,m
t_e_r_i,f
h_a_r_l_e_y,m
k_a_s_o_n,m
l_o_l_l_a,f
e_l_o_n_z_o,m
a_m_e_r_i_c_a,f
w_i_l_h_e_l_m_i_n_a,f
v_e_r_l_o_n,m
c_o_r_i_n_n_a,f
a_n_o_n_a,f
l_a_t_o_y_i_a,f
k_u_r_t_i_s,m
h_e_n_r_i_e_t_t_a,f
t_a_n_i_s_h_a,f
c_e_l_e_s_t_i_a,f
i_s_a_m_a_r,f
u_l_i_s_e_s,m
m_a_r_i_e_l_a,f
j_a_i_d_y_n,m
a_l_b_a,m
i_m_a,f
k_a_t_h_l_y_n,f
g_a_r_n_e_r,m
g_i_l,m
t_a_t_u_m,f
w_i_l_l_o_w,f
m_a_r_i_a_h,f
g_l_i_n_d_a,f
j_a_r_v_i_s,m
d_o_r_i_s,m
a_d_a_n,m
m_e_s_s_i_a_h,m
m_a_t_h_i_l_d_e,f
a_d_r_i_e_n_n_e,f
j_a_n_i_n_e,f
s_i_g_n_a,f
b_a_b_y,m
t_y_q_u_a_n,m
n_i_k_i_t_a,f
j_a_q_u_e_l_i_n,f
l_e_i_g_h,m
b_r_a_d_l_e_y,m
r_e_i_n_o,m
l_u_c_i_a_n_o,m
r_o_b_b_i_n,m
q_u_i_n_t_o_n,m
m_e_d_i_a,f
l_a_t_a_n_y_a,f
v_i_n_c_e,m
d_w_a_n,f
b_r_e_a_n_n_e,f
g_a_n_n_o_n,m
c_y_r_u_s,m
o_m_a_r_i,m
a_k_e_e_m,m
i_r_v_i_n,m
h_a_l_e_y,f
e_b_e_n,m
m_a_r_s_h_a,f
s_e_l_a_h,f
m_a_r_g_e,f
a_l_e_t_h_a,f
a_d_e_l,f
z_a_r_a,f
c_a_r_s_o_n,m
p_r_e_c_i_o_u_s,f
s_h_a_m_a_r,m
s_a_m_s_o_n,m
r_o_b_b,m
j_a_n_i_y_a,f
c_o_h_e_n,m
f_l_a_v_i_a,f
n_o_l_e_n,m
m_a_b_e_l,m
e_u_l_a_l_i_a,f
e_s_t_a,m
p_a_r_l_e_y,m
s_h_a_u_n,m
a_r_c_h,m
c_o_d_i,m
s_a_l_i_n_a,f
c_a_r_l_e_y,f
a_t_t_i_c_u_s,m
c_h_i_q_u_i_t_a,f
z_e_d,m
m_e_g_h_a_n_n,f
r_u_t_h_a_n_n_e,f
j_a_q_u_e_l_i_n_e,f
a_l_e_j_a_n_d_r_o,m
t_h_e_o_d_o_r_e,m
t_y_r_i_k,m
c_h_a_n_d_a,f
d_e_s_i,m
d_a_v_i_n_a,f
a_y_l_i_n,f
r_o_n_a_l_d,m
k_a_d_e_e_m,m
t_o_n_e_y,m
w_a_l_t,m
a_d_l_a_i,m
s_a_b_r_i_n_a,f
k_r_i_s_t_o_f_e_r,m
z_e_n_o,m
m_o_n_r_o_e,m
r_o_s_a_n_n_a,f
l_i_m,m
r_u_b_i,f
l_e_o_t_a,f
r_o_n_n_y,m
e_d_u_a_r_d_o,m
b_u_l_a_h,f
b_u_r_n_e_l_l,m
a_r_b_a,m
c_h_a_r_l_e_e_n,f
c_a_r_m_e_l_a,f
m_a_r_l_y_n,m
s_h_a_n_i_k_a,f
m_o_o_d_y,m
d_e_a_n_a,f
j_a_d_i_e_l,m
c_l_e_o_r_a,f
m_a_t_t_h_i_a_s,m
p_l_u_m_a,f
h_e_t_t_y,f
a_r_l_e_t_t_a,f
k_e_s_h_i_a,f
b_u_r_l_e_i_g_h,m
l_e_o_p_o_l_d_o,m
l_o_r_a_y_n_e,f
i_y_a_n_n_a,f
t_i_m_o_t_h_y,m
c_o_y,m
e_r_n_a,f
j_a_c_q_u_e,f
m_i_g_d_a_l_i_a,f
r_u_b_y_e,f
n_a_n_n_i_e,f
w_i_r_t,m
j_e_f_f,m
v_e_r_a,m
e_w_e_l_l,m
a_c_e,m
c_a_s_a_n_d_r_a,f
s_c_h_u_y_l_e_r,m
q_u_e_e_n,f
d_i_a_l_l_o,m
e_m_m_a_n_u_e_l,m
m_a_c_a_r_t_h_u_r,m
c_i_n_d_a,f
l_a_s_s_i_e,f
a_m_i_n,m
d_o_n_e_l_l,m
j_o_h_n_n_y,m
h_i_l_l_a_r_d,m
d_i_l_l_a_n,m
w_e_s_t_o_n,m
l_e_s_i_a,f
s_h_y_a_n_n_e,f
c_h_a_r_o_l_e_t_t_e,f
i_y_a_n_a,f
s_h_a_u_n_a,f
t_r_i_n_a,f
j_o_a_n_n_a,f
m_a_r_e_l_y,f
c_o_r_d_a,f
d_a_s_h_a_w_n,m
l_e_l_i_a,f
a_l_i_j_a_h,m
i_s_a_m,m
r_i_c_h_a_r_d,m
a_l_g_o_t,m
e_l_i_s_s_a,f
j_a_n_a,f
h_a_n_s_e_l,m
l_a_r_o_n,m
k_a_t_h_r_i_n_e,f
v_a_l_e_n_t_i_n,m
l_e_n_n_o_n,m
l_a_d_o_n_n_a,f
n_e_l_s_o_n,m
j_a_y_c_e,m
o_l_e,m
a_l_v_e_r,m
l_a_n_d_o_n,m
k_a_i_l_a,f
c_a_r_i_s_s_a,f
s_i_o_b_h_a_n,f
s_h_a_n_t_a,f
m_i_c_h_a_e_l,m
a_l_t_i_e,f
m_a_r_y_l_o_u_i_s_e,f
p_e_r_s_h_i_n_g,m
d_a_l_i_a,f
d_u_n_c_a_n,m
t_y_l_e_r,m
b_r_i_t_t_a_n_y,m
r_a_m_o_n_a,f
c_a_l_e_b,m
h_a_r_r_i_e_t_t_e,f
n_o_r_v_a_l,m
j_o_b_e,m
i_z_o_r_a,f
c_h_a_r_l_i_z_e,f
b_e_l_l_a,f
d_o_r_r_i_s,m
e_o_l_a,f
a_n_n_e_l_i_e_s_e,f
s_h_a_q_u_i_t_a,f
i_s_a_i,m
g_e_n_e_v_r_a,f
j_a_c_q_u_l_y_n,f
j_e_a_n,m
j_a_g_g_e_r,m
l_o_u_i_e,m
c_a_s_e,m
t_i_n_e_y,f
e_l_b_e_r_t_a,f
d_e_b_i,f
t_a_m_i_s_h_a,f
m_a_i_y_a,f
j_a_x_s_o_n,m
k_e_n_a_n,m
m_i_r_t_i_e,f
g_i_a_d_a,f
n_a_t_a_l_i_a,f
l_a_k_e_n_d_r_a,f
a_l_m_i_n_a,f
a_a_d_e_n,m
m_o_e,m
g_u_n_d_a,f
a_l_y_s_a,f
e_v_i_a,f
m_i_k_e_a_l,m
k_e_n_t,m
b_a_m_a,f
m_e_c_h_e_l_l_e,f
n_a_r_c_i_s_s_u_s,f
r_a_c_h_a_e_l,f
t_y_l_o_r,m
e_r_i_c_h,m
p_a_u_l_i_n_a,f
k_e_n_d_e_l_l,m
c_o_r_r_i_n_a,f
t_o_n_y,m
f_e_d,m
a_n_n_e_t_t_a,f
r_a_c_h_e_l_l_e,f
m_o_n_n_a,f
a_l_w_i_n_e,f
s_u_l_a,f
d_a_l_e,m
y_a_i_r,m
p_r_i_n_c_e,m
a_d_a_l_b_e_r_t_o,m
h_a_n_d_y,m
k_i_t_t_y,f
k_a_r_r_i,f
s_h_a_l_o_n_d_a,f
a_l_s_t_o_n,m
b_r_i_a_n_n_e,f
m_a_t_h,m
c_a_r_l_y,f
h_a_r_d_e_n,m
j_a_m_i_y_a,f
r_a_i_d_e_n,m
g_a_u_g_e,m
c_o_s_m_o,m
r_o_d_d_y,m
j_e_r_r_i_e,f
r_a_n_d_l_e,m
k_a_s_e_y,m
k_a_r_r_e_n,f
j_o_y_e,f
n_i_l_d_a,f
d_a_i_s_i_e,f
f_a_t_e,m
p_r_i_n_c_e_s_s,f
b_r_o_c_k,m
f_r_a_n_k,m
l_a_f_a_y_e_t_t_e,m
t_r_u_e,m
m_c_a_r_t_h_u_r,m
p_r_i_s_c_i_l_a,f
g_a_i_n_e_s,m
b_a_r_b_i_e,f
p_a_r_k_e_r,m
e_z_r_a,m
v_i_d_a,f
m_a_l_v_i_n,m
a_r_a_c_e_l_i,f
j_e_s_s,m
l_i_z_b_e_t_h,f
m_a_h_a_l_i_a,f
g_i_g_i,f
l_e_t_a,f
a_l_i_n_a,f
a_x_e_l,m
b_e_r_n_e_i_c_e,f
j_e_n_n_e_t_t_e,f
c_r_e_s_s_i_e,f
n_e_h_a,f
a_l_o_n_s_o,m
j_a_n_y_c_e,f
e_l_i_a,f
f_i_d_e_l,m
f_r_e_d_r_i_c,m
m_o_r_d_e_c_h_a_i,m
h_e_r_m_i_n_e,f
l_a_s_h_a_w_n,m
r_o_c_k_y,m
j_a_m_a_l,m
d_o_l_p_h,m
r_o_s_e_m_a_r_y,f
d_a_r_l_y_n_e,f
n_a_n_a,f
b_r_a_i_n,m
n_i_c_o_l_e,m
m_e_l_v_i_n_a,f
a_l_b_i_n,m
s_u_s_a_n_n_a,f
a_s_h_e_r,m
s_t_a_r_l_a,f
e_u_g_e_n_i_a,f
m_i_c_h_a_l_e,m
m_u_r_r_y,m
r_h_e_t_a,f
t_h_e_o_p_h_i_l_e,m
a_l_e_x_i_n_a,f
f_i_r_m_a_n,m
p_e_t_e,m
t_r_u_d_y,f
e_t_t_i_e,f
d_e_n_e_s_e,f
d_e_d_r_i_c,m
m_o_n_t_g_o_m_e_r_y,m
o_t_e_l_i_a,f
d_a_j_a,f
k_e_e_g_a_n,m
g_e_r_h_a_r_d,m
m_a_r_n_i_e,f
r_e_t_t_i_e,f
k_e_n_n_a,f
m_i_n_d_y,f
u_r_i_e_l,m
t_h_o_s,m
h_i_l_d_u_r,f
t_a_k_i_s_h_a,f
s_t_a_c_i_a,f
j_a_m_i_r,m
d_o_c,m
k_a_t_h_i,f
b_r_i_n_d_a,f
b_r_a_n_d_e_e,f
l_o_r_e_e_n,f
d_a_y_l_e,f
s_e_m_a_j,m
o_t_t,m
n_a_n_e_t_t_e,f
l_u_c_i_n_a,f
m_a_r_c_o_s,m
j_a_d_y_n,m
j_a_c_q_u_l_i_n_e,f
a_n_a_n_i_a_s,m
r_o_s_a_r_i_a,f
o_s_b_o_r_n,m
m_e_r_r_i_t_t,m
c_h_a_d,m
a_m_i_r_a,f
f_r_e_i_d_a,f
e_l_w_i_n,m
a_u_b_r_i_e,f
j_o_s_e_l_i_n_e,f
a_m_b_e_r_l_y,f
p_e_g_g_y,f
m_a_r_c_y,f
r_a_i_n_a,f
k_i_s_h_a,f
s_h_a_r_y_l,f
a_n_t_h_o_n_y,m
c_o_n_o_r,m
j_a_y_c_e_e,f
b_a_y_a_r_d,m
l_a_t_o_s_h_a,f
a_u_d_r_i_a_n_n_a,f
o_s_a,f
e_s_t_e_l,m
m_i_l_a,f
e_w_i_n_g,m
k_a_i_a,f
a_d_d,m
e_l_i_a_n_n_a,f
y_e_s_e_n_i_a,f
r_e_n_i_t_a,f
s_h_a_u_n_n_a,f
s_e_r_e_n_a,f
w_a_l_d_e_m_a_r,m
v_e_r_d_i_e,f
b_r_o_o_k_l_y_n_n,f
c_l_e_m_o_n,m
a_m_a_r_i_s,f
s_h_e_l_l_e_y,m
y_a_h_a_i_r_a,f
o_l_a_r,f
b_r_a_n_d_a_n,m
r_o_b_e_r_t_a,f
k_i_e_t_h,m
d_o_r_l_a,f
c_l_y_d_a,f
i_n_d_i_a_n_a,f
e_m_m_a,m
t_o_m_i_k_a,f
m_i_t_c_h,m
m_a_r_t_e_z,m
j_a_m_m_i_e,m
k_e_n_d_a_l,m
j_e_a_n_a,f
l_a_w_y_e_r,m
k_e_e_n_e_n,m
l_u_c_a,m
j_e_s_s_y_e,f
m_a_r_c_i_a,f
c_r_i_s_t_i_n,f
m_a_l_e_a_h,f
h_a_r_l_a_n,m
a_l_v_i_r_a,f
t_a_m_a_t_h_a,f
e_n_z_o,m
p_e_g_g_i_e,f
t_a_r_a_h,f
l_a_n_i_t_a,f
s_h_e_r_m_a_n,m
m_a_r_s_h,m
p_r_i_c_e,m
h_i_l_a_r_i_o,m
c_o_r_d_i_e,f
j_o_h_n_y,m
n_e_d,m
i_s_a_a_k,m
l_a_q_u_i_t_a,f
r_i_l_l_a,f
e_b_o_n_i,f
w_o_o_d_y,m
i_g_n_a_c_i_o,m
i_n_f_a_n_t,m
d_e_s_t_i_n_i,f
c_e_l_e_s_t_i_n_e,f
e_l_m_i_n_a,f
d_e_m_o_n_d,m
l_o_u_a_n_n_a,f
a_n_n_a_m_a_e,f
l_u_c_y,m
l_i_s_h,m
m_a_h_l_o_n,m
h_e_l_m_e_r,m
a_y_d_a_n,m
o_r_a_h,f
w_o_n_g,m
a_r_y_a_n_a,f
a_r_c_h_i_e,m
j_a_y_d_e_n,m
b_r_a_n_n_o_n,m
a_n_n_a_m_a_r_i_e,f
c_o_n_c_e_p_c_i_o_n,f
k_o_d_a,m
a_u_g_u_s_t,m
m_a_r_l_i_n,m
j_o_n_a_t_h_o_n,m
i_l_e_n_e,f
n_i_c_h_o_l_a_u_s,m
j_o_h_a_n_n_a,f
n_i_t_a,f
a_l_i_s_s_a,f
a_b_a_g_a_i_l,f
t_a_i_n_a,f
h_u_r_l_e_y,m
m_a_r_c_e_l_l_o,m
h_a_s_s_a_n,m
c_h_a_n_c_y,m
s_i_m_o_n_e,f
c_o_n_n_o_r,m
m_a_r_j_o_r_i_e,f
b_o_r_i_s,m
w_i_n_t_h_r_o_p,m
e_l_v_i_s,m
v_i_c_y,f
d_a_r_r_i_a_n,m
j_e_s_s_y,m
r_o_m_a_i_n_e,f
r_i_t_c_h_i_e,m
j_o_e_l_l_e_n,f
k_a_l_l_i_e,f
p_a_t_t_i_e,f
b_e_r_t_i_e,m
c_h_r_i_s_t_i_n,f
o_r_i_n,m
v_i_n_e_y,f
t_i_f_f_a_n_i,f
e_p_p_i_e,f
d_a_p_h_n_e,f
h_u_g_h_e_s,m
f_a_r_r_e_l_l,m
m_e_y_e_r,m
a_c_h_s_a_h,f
m_a_l_l_i_e,f
c_h_e_l_s_e_a,f
f_e_r_n_e,f
c_e_l_i_e,f
s_a_n_i_y_a,f
a_l_l_y_s_s_a,f
j_e_a_n_e,f
j_e_n_n_y,f
l_i_s_s_e_t_t_e,f
l_e_d_a,f
d_w_a_i_n_e,m
t_h_e_k_l_a,f
c_a_r_r_i_e,m
s_a_n_a_a,f
e_z_e_k_i_e_l,m
j_e_r_e_m_e_y,m
g_o_l_d_i_e,m
p_o_r_t_e_r,m
j_o_u_r_n_e_y,f
p_a_m_a_l_a,f
k_a_l_e_i_g_h,f
c_o_r_n_e_l_i_o_u_s,m
r_a_h_n,m
j_e_t_t_a,f
r_a_y_f_i_e_l_d,m
g_a_y_l_o_r_d,m
j_e_a_n_n_a,f
w_a_y_n_e,m
g_r_i_s_e_l,f
r_o_s_a_l_i_n_e,f
d_e_a_n,m
j_e_l_a_n_i,m
d_i_c_y,f
j_e_n_a,f
b_u_r_r,m
p_e_a_r_l_e,f
k_i_e_r_s_t_e_n,f
g_r_i_f_f_i_t_h,m
w_m,m
c_o_l_e_t_o_n,m
j_e_t_t_i_e,m
m_a_g_d_a_l_e_n_e,f
k_a_l_i_e,f
a_l_i_v_i_a,f
d_i_a_n_n_e,f
d_a_y_n_e,m
c_a_r_e_n,f
s_t_e_p_h_e_n,m
d_i_m_i_t_r_i,m
m_a_r_y_j_o,f
s_o_l_o_m_o_n,m
s_a_n_t_o_s,m
g_e_r_a_l_d_i_n_e,f
a_r_v_i_n,m
k_e_r_r_i,f
e_v_e_r_e_t,m
m_i_l_a_s,m
l_u_l_a_r,f
s_a_m_a_n_t_h_a,m
t_r_e_v_i_o_n,m
e_z_e_q_u_i_e_l,m
d_e_m_a_r_i_o_n,m
k_a_s_s_a_n_d_r_a,f
b_e_a_u_l_a_h,f
b_o_b_b_y,m
c_a_s_s_i_u_s,m
b_r_u_c_e,m
a_m_a_r_i_o_n,m
d_u_f_f,m
i_e_s_h_a,f
j_a_y_m_e_s,m
f_e_l_i_c_e,f
p_a_r_l_e_e,f
t_i_l_m_a_n,m
j_e_s_s_e_e,m
n_a_o_m_a,f
g_a_b_e,m
i_a_n,m
k_a_r_l_a,f
l_o_u_a_n_n,f
l_o_n_n_i_e,m
l_o_r_e_n_e,f
j_e_f_f_e_r_y,m
r_a_s_h_a_a_n,m
e_m_e_r_s_o_n,m
a_r_t_u_r_o,m
d_e_z_z_i_e,f
c_h_a_u_n_c_y,m
m_a_c_k_e_n_z_i_e,m
m_a_g_d_a_l_e_n_a,f
c_e_l_e_s_t_i_n_o,m
t_h_o_m_p_s_o_n,m
s_o_p_h_i_a,f
e_a_n,m
r_a_o_u_l,m
b_r_a_d_l_y,m
l_y_r_i_c,m
e_l_l_a_r,f
r_o_s_a_m_o_n_d,f
a_k_e_e_l_a_h,f
m_a_r_c_i,f
b_l_i_s_s,m
m_o_s_h_e,m
v_e_r_n_i_c_e,f
t_o_b_y,m
a_l_y_s,f
a_l_i,m
v_o_n_d_a,f
e_m_i_l_i_e,f
a_n_t_i_o_n_e_t_t_e,f
m_a_v_e_r_i_c_k,m
m_a_t,m
e_l_b_a,f
d_a_n_i_a_l,m
a_u_s_t_e_n,m
r_u_d_o_l_f_o,m
c_a_l_h_o_u_n,m
s_o_n_y_a,f
j_u_s_t_u_s,m
l_e_o_n_o_r_e,f
h_o_l_l_a_n_d,m
t_h_a_d_d_e_u_s,m
w_a_i_n_o,m
l_e_v_i_e,m
n_o_r_b_e_r_t_o,m
s_a_v_o_n,m
b_u_r_n_e_t_t,m
d_o_r_o_t_h_e_a,f
e_l_i_c_k,m
z_a_r_i_a,f
t_h_e_a,f
a_r_a_h,f
n_i_c_o_l_l_e,f
l_a_r_u_e,m
v_a_r_a,f
m_a_r_i_n_a,f
n_o_n_a,f
m_a_r_q_u_e_z,m
b_a_b_y_b_o_y,m
o_b_e_d,m
g_a_y_e,f
r_o_s_a_n_n,f
j_o_d_i_e,m
k_y_l_e_e,f
r_a_h_u_l,m
m_a_y_n_a_r_d,m
e_l_o_n,m
r_o_s_a_b_e_l_l_e,f
k_e_l_t_o_n,m
a_n_j_a_n_e_t_t_e,f
l_o_n_a,f
s_o_m_e_r,f
s_h_e_l_t_o_n,m
f_i_n_n,m
e_l_b_y,m
c_h_a_r_l_y,m
g_e_n_e_v_a,f
n_y_r_e_e,f
j_u_d_y,m
s_y_d_n_i_e,f
l_e_o_m_a,f
m_e_t_r_o,m
d_u_k_e,m
g_e_r_i,f
a_b_b_y,f
m_i_l_o,m
p_a_b_l_o,m
r_i_d_g_e,m
f_l_o_r_a_n_c_e,f
s_h_e_n_n_a,f
d_e_l_t_o_n,m
l_e_m_u_e_l,m
v_a_n_d_e_r,m
k_i_m_b_e_r_e_l_y,f
b_l_a_z_e,m
m_o_r_i_a_h,f
t_a_l_a_n,m
j_e_r_a_l_d_i_n_e,f
n_a_d_i_a,f
t_e_r_r_a,f
a_r_v_e_l,m
k_i_e_r_a_n,m
e_d_d_i_e,m
d_u_r_r_e_l_l,m
h_a_r_l_o_w,m
m_a_r_c_e_l_l_u_s,m
t_o_d,m
b_r_a_n_d_o_n,m
r_e_n_a_l_d_o,m
e_m_i_l_i_o,m
b_r_e_a_n_a,f
b_e_n_a,f
f_l_o,f
l_i_a_n_a,f
e_p_s_i_e,f
g_i_l_b_e_r_t_o,m
k_a_m_o_r_a,f
m_a_r_t_e_l_l,m
b_e_b_e,f
t_i_l_d_a,f
a_r_i_e_l,m
e_s_t_o_n,m
k_y_l_e_n_e,f
j_a_y_l_e_n,m
r_o_x_a_n_n_e,f
m_o_r_a,f
k_i_m_b_e_r,f
p_a_u_l_e_t_t_e,f
j_a_y_l_a_n,m
f_l_e_m_i_n_g,m
m_a_t_t_e_o,m
s_u_l_l_i_v_a_n,m
k_a_n_d_i_c_e,f
l_u_v_e_r_n_e,m
h_a_l_l_e,f
j_o_s_e_f,m
l_a_n_c_e,m
b_o_b_b_i,f
l_i_l_l_i_a_n_a,f
m_e_l_a_n_i_e,f
j_e_a_n_n_i_e,f
k_r_i_s_t_i,f
o_r_a,m
j_a_c_k_y,m
c_a_r_l_e_e_n,f
l_u_c_i_a,f
r_a_y_m_o_n,m
b_r_a_n_d_i_n,m
b_o_n_i_t_a,f
b_r_y_a_n,m
m_a_d_i_l_y_n_n,f
s_u_z_a_n_n_a,f
j_a_e_l_y_n,f
e_l_z_a_d_a,f
l_o_r_e_n_z_o,m
d_e_w_i_t_t,m
j_e_r_u_s_h_a,f
l_a_v_a_r,m
d_a_r_v_i_n,m
f_i_d_e_l_i_a,f
c_r_i_s_t_i_a_n,m
t_e_n_a,f
d_o_n_i_a,f
i_l_a,f
s_a_m_i_e,m
n_a_s_h,m
l_u_p_e,m
j_o_a_n_n_e,f
b_r_i_t_n_i,f
s_e_n_e_c_a,m
c_l_i_f_f_i_e,f
m_a_l,m
c_a_r_o_l_i_n_e,m
e_r_a_s_t_u_s,m
j_a_s_m_i_n,f
e_l_f_r_i_e_d_a,f
v_a_s_s_i_e,f
c_a_l_e,m
c_a_s_i_m_e_r,m
z_a_r_i_a_h,f
l_a_u_r_i,f
s_p_e_n_c_e_r,m
h_a_r_t_w_e_l_l,m
s_o_l,m
e_m_i_l_i_a_n_o,m
e_d_i_s_o_n,m
m_a_r_y_a_n_n,f
l_o_u_l_a,f
r_o_n_d_a_l,m
r_e_e_c_e,m
l_u_n_a,f
e_l_o_i_s,f
l_i_l_a_h,f
i_v_o_r,m
j_o_l_e_e_n,f
k_e_n_d_r_a,f
m_a_r_g_u_e_r_i_t_e,f
d_a_i_j_a,f
f_u_l_t_o_n,m
v_e_r_n_i_a,f
o_r_r_a,f
t_a_m_e_k_a,f
e_l_i_h_u,m
l_i_n_d_s_a_y,m
r_a_k_e_e_m,m
e_v_e_l_i_n_a,f
e_i_l_e_e_n,f
w_a_y_m_a_n,m
t_r_i_n_i_t_y,m
b_u_c_k,m
r_a_e_l_y_n_n,f
n_i_k_k_i,f
l_e_s_l_e_y,m
t_u_l_a,f
j_u_l_e,m
m_a_l_e,m
f_e_l_i_c_i_e,f
d_i_a_n,f
b_o_n_n_i_e,m
z_a_c_h_a_r_i_a_h,m
a_i_l_e_e_n,f
g_a_r_r_i_c_k,m
n_o_v_a,f
m_a_r_k_i_t_a,f
k_e_r_i,f
d_e_l_o_r_a,f
d_o_t,f
d_a_r_l_e_e_n,f
g_a_r_r_y,m
m_e_r_i_l_y_n,f
b_r_i_a_n,m
e_p_i_f_a_n_i_o,m
d_a_n_a,m
b_u_s_h,m
f_l_o_r_e_n_e,f
y_a_m_i_l_e_x,f
m_c_k_e_n_z_i_e,f
s_h_a_n_i_a,f
t_r_u_d_i,f
d_o_m_i_n_g_a,f
b_e_t_t_y_l_o_u,f
h_a_m_z_a,m
z_a_n_d_e_r,m
h_a_r_r_i_e_t_t,f
a_s_h_l_y,f
l_u_e_l_l_a,f
r_o_s_l_y_n,f
c_e_l_i_a,f
r_i_a_n_n_a,f
l_o_r_e_n,m
w_a_t_t,m
a_n_g_e_l_i_q_u_e,f
c_h_l_o_i_e,f
b_e_r_n_a_d_e_t_t_e,f
w_e_l_l_i_n_g_t_o_n,m
j_u_l_i_a_n_a,f
u_r_s_u_l_a,f
m_a_t_i_e,f
a_i_n_s_l_e_y,f
r_u_d_o_l_f,m
w_e_n_d_i,f
e_l_z_i_e,m
p_a_t_t_i,f
m_i_s_t_i,f
c_a_l_v_i_n,m
d_e_l_p_h_i_n,m
d_e_l_o_r_e_s,f
f_e_r_n_a_n_d,m
m_i_n_n_i_e,m
h_a_l_l_i_e,m
c_e_c_i_l,m
g_e_m_m_a,f
d_i_o_n_e,f
b_u_r_n_s,m
c_h_r_i_s_t_o_p_e_r,m
n_i_c_o,m
s_i_b_b_i_e,f
a_l_o_m_a,f
c_o_l_t_e_r,m
z_a_n_e,m
a_l_v_e_n_a,f
j_e_r_i_m_y,m
l_o_r_a_n,m
a_r_d_e_l_l_a,f
k_a_y_a,f
b_e_t_h_a_n_y,f
l_a_n_n_y,m
e_l_n_a,f
k_e_l_c_i_e,f
l_o_r_e_l_a_i,f
s_a_n_t_i_a_g_o,m
h_j_a_l_m_e_r,m
k_e_l_l_y,m
r_i_c_o,m
t_a_s_h_a,f
e_r_n_e_s_t_o,m
j_a_m_i_s_o_n,m
k_i_z_z_i_e,f
j_a_l_y_n_n,f
r_a_f_a_e_l,m
a_d_e_l_i_n_a,f
d_o_r_i_n_d_a,f
a_u_d_l_e_y,m
a_r_t_a,f
k_a_h_l_i_l,m
m_e_m_p_h_i_s,m
c_h_a_l_m_e_r_s,m
d_a_r_l_a,f
j_a_s_l_e_n_e,f
f_e_l_i_p_e,m
l_y_d_i_a,f
s_o_c_o_r_r_o,f
r_u_t_h_e,f
j_a_c_e_y,f
j_o_b,m
m_a_r_i_a_n,m
l_u_c_r_e_t_i_a,f
j_a_n_e_t_t_e,f
t_a_t_i_a,f
e_r_n_i_e,m
t_i_s_h_i_e,f
a_l,m
c_h_e,m
a_l_y_s_s_a,f
t_r_e_v_o_r,m
k_e_y_s_h_a_w_n,m
l_i_s_s_i_e,f
d_a_y_n_a,f
l_o_m_a,f
c_a_i_d_e_n,m
j_o_s_e_p_h,m
b_e_r_n_i_c_e,m
d_u_r_e_l_l,m
c_e_n_a,f
a_l_e_s_i_a,f
a_n_f_e_r_n_e_e,m
n_o_l_i_e,f
k_a_n_d_a_c_e,f
b_r_e_e,f
h_i_l_l_i_a_r_d,m
c_l_e_v_e_l_a_n_d,m
t_a_m_i_k_o,f
h_e_n_r_e_t_t_a,f
h_o_s_t_e_e_n,m
s_a_n_t_a_n_a,m
a_l_d_e_n,m
t_e_r_r_i_l_l,m
t_o_m_e_k_a,f
m_u_s_t_a_f_a,m
w_i_l_k_i_e,m
d_e_r_r_i_c_k,m
s_h_a_n_t_e_l_l,f
a_d_e_l_a_r_d,m
v_a_n,m
m_e_r_r_i_l_l,m
l_a_n_e_t_t_e,f
v_o_l_l_i_e,m
h_u_m_b_e_r_t_o,m
j_e_w_e_l,m
i_s_r_a_e_l,m
k_e_l_b_y,m
l_i_n_d_s_e_y,m
g_l_e_n_d_a,f
k_i_n_t_e,m
k_a_l_i_y_a_h,f
b_j_o_r_n,m
e_l_i_z_a,m
h_a_y_l_i_e,f
m_a_c_i_e,f
l_u_t_h_e_r,m
d_o_s_i_a,f
c_o_o_p_e_r,m
l_a_u_r_e_t_t_e,f
l_i_d_i_a,f
d_e_l_w_i_n,m
a_l_o_n_z_o,m
r_e_x,m
l_u_k_a,m
a_d_d_i_s_y_n,f
m_y_l_a,f
h_a_r_m,m
a_l_v_i_a,m
d_e_l_i_a,f
v_i_t_a,f
a_m_i_n_a,f
c_e_p_h_u_s,m
t_a_y_l_e_r,m
g_i_r_t_h_a,f
c_l_a_u_s,m
j_o_n_a_s,m
a_b_n_e_r,m
j_a_n_i_e,f
f_a_n_n_y,f
w_o_o_d_i_e,m
a_n_i_y_a_h,f
e_r_i_k_a,f
v_a_n_e_s_a,f
a_b_b_e_y,f
r_i_c_k_i_e,m
s_o_n_i_a,f
d_e_a_n_t_e,m
c_o_d_y,m
d_e_o_n_t_a_e,m
j_u_s_t_i_n_a,f
s_e_t_h,m
s_e_l_d_o_n,m
t_h_e_r_e_s_e,f
d_i_a_n_e,m
i_m_a_n_i,f
o_c_t_a_v_i_u_s,m
o_d_i_n,m
t_a_t_e,m
d_o_n_a_l,m
h_a_y_l_e_y,f
i_d_a_b_e_l_l_e,f
l_e_n_n_a,f
s_a_m_m_y,m
f_e_r_n_a_n_d_o,m
v_i_n_s_o_n,m
g_e_n_e_v_i_e_v_e,f
c_r_i_s_t_a,f
b_u_s_t_e_r,m
a_r_l_y_n_e,f
f_o_n_d_a,f
k_n_u_t_e,m
s_e_a_n,m
a_n_a_h_i,f
d_e_r_e_k,m
v_e_r_s_a,f
t_a_w_n_y,f
s_t_a_s_i_a,f
o_z_z_i_e,m
d_e_v_a_u_g_h_n,m
c_u_l_l_e_n,m
c_a_m,m
h_a_s_e_l,f
m_e_r_e_d_i_t_h,m
p_h_y_l_i_s,f
d_a_h_l_i_a,f
b_r_i_t_a_n_y,f
s_k_y,f
b_e_s_s_i_e,m
n_y_l_a_h,f
b_a_i_l_e_e,f
d_e_l_a_n_o,m
g_a_r_d_n_e_r,m
a_m_m_o_n,m
m_a_r_a_n_d_a,f
b_r_a_n_d_y_n,m
k_r_y_s_t_i_n,f
l_e_n_w_o_o_d,m
c_a_r_l_o_t_a,f
c_h_a_n_c_e,m
a_v_i_s,f
c_l_a_u_d_e,m
m_i_c_k_e_y,m
s_i_d_n_e_y,m
n_e_v_e_a_h,f
a_d_d_a,f
m_a_d_e_l_i_n_e,f
f_e_n_t_o_n,m
c_h_a_r_l_i_n_e,f
z_o_a,f
a_r_t_e_l_i_a,f
i_o_n_e,f
s_h_e_p_h_e_r_d,m
m_a_y_r_a,f
g_e_r_r_i_t,m
j_e_s_i_c_a,f
j_o_v_a_n_n_i,m
a_c_y,m
a_z_a_r_i_a,f
d_a_n_i_e_l_a,f
g_e_r_h_a_r_d_t,m
o_m_a_r_i_o_n,m
y_u_l_i_a_n_a,f
z_i_l_l_a_h,f
a_n_n_e_t_t_e,f
a_v_a,f
t_r_u_l_a,f
e_n_r_i_q_u_e_t_a,f
a_l_i_c_i_a,f
m_a_r_c_e_l_l_e,f
l_a_u_r_a_n_c_e,m
l_o_d_a,f
m_a_r_g_e_n_e,f
m_a_g_e_n,f
g_l_e_n,m
d_a_n_i_e_l_l_a,f
l_e_e_a_n_n,f
l_a_v_e_l_l_e,f
t_a_v_o_n,m
e_l_i_a_n_a,f
d_o_n_a_l_d,m
f_l_o_r_a,m
a_r_l_e_n,m
m_e_l_o_n_y,f
m_e_l_v_i_l_l_e,m
s_t_a_r_r,f
c_e_l_e_n_a,f
d_i_a_n_d_r_a,f
d_o_n_a,f
c_o_r_w_i_n,m
i_r_e_n_e,m
l_e_o_n_c_e,m
g_l_o_v_e_r,m
h_e_a_t_h,m
c_h_a_r_l_e_y,m
t_o_b_e,m
f_o_c_h,m
i_v_o_r_y,m
l_o_t_t_i_e,f
k_o_l_t_o_n,m
g_u_r_n_e_y,m
d_o_v_e,f
l_o_n_n_a,f
o_r_a_n,m
a_l_o_n_z_a,m
c_a_m_i,f
e_l_l_w_o_o_d,m
c_o_r_i_e,f
k_r_i_s_t_i_n_a,f
t_o_w_a_n_d_a,f
d_e_x_t_e_r,m
d_a_r_c_y,m
d_i_o_n_i_c_i_o,m
h_e_r_m_i_n_i_a,f
z_e_l_m_a,f
r_a_y_b_u_r_n,m
z_e_k_e,m
k_i_a_n_n_a,f
l_e_o,m
d_e_n_i_s_e,f
j_o_s_e,m
m_a_k_a_i,m
c_h_e_l_s_y,f
a_m_p_a_r_o,f
t_r_u_m_a_n,m
j_a_c_k_e_l_i_n_e,f
j_o_c_e_l_y_n_n,f
s_a_r_a_h_i,f
s_e_n_o_r_a,f
a_n_n_a_l_i_s_e,f
t_a_b_a_t_h_a,f
v_o_l_n_e_y,m
c_h_a_n_e_l_l_e,f
d_a_i_s_y,m
z_a_c_h_a_r_y,m
c_a_r_l_y_l_e,m
h_e_r_n_a_n,m
j_o_n_n_i_e,m
d_o_n_a_v_a_n,m
e_l_a_i_n_e,f
d_e_l_m_a_r,m
h_a_y_w_a_r_d,m
v_e_n_n_i_e,f
j_u_d_g_e,m
a_m_e_r_i_c_o,m
l_y_l_a,f
e_l_a_y_n_e,f
l_e_n,m
j_o_c_e_l_y_n,f
n_a_o_m_i,f
l_a_k_e_s_h_i_a,f
t_a_m_e_k_i_a,f
g_u_s_t_a_f,m
p_a_r_t_h_e_n_i_a,f
f_e_l_e_c_i_a,f
l_i_n_n_a,f
g_e_r_r_y,m
l_u_c_i_a_n_a,f
l_e_n_n_i_e,m
k_a_y_l_e_e,f
r_o_s_a_r_i_o,m
c_r_y_s_t_a_l,m
p_r_e_s_s,m
b_e_u_l_a_h,m
n_e_v_a,f
j_e_r_i_l_y_n,f
b_r_e_n_d_a,m
v_i_r_a,f
m_i_s_s_y,f
t_a_v_i_o_n,m
t_a_m_m_i,f
q_u_i_n_t_e_n,m
l_u_c_k_y,m
b_u_d,m
k_e_l_s_i_e,f
b_r_o_o_k,m
d_e_l_l_a_r,f
l_i_s_a_n_d_r_o,m
g_i_a_n_a,f
c_a_r_l,m
a_r_l_e_e_n,f
z_a_i_r_e,m
c_h_e_r_y_l,m
b_u_r_r_e_l_l,m
k_i_n_g,m
j_a_n_n_i_e,f
l_e_v_y,m
a_l_o_i_s,m
d_e_l_i_a_h,f
a_d_a_l_y_n_n,f
k_o_n_n_e_r,m
k_a_r_l_e_n_e,f
i_l_m_a,f
y_a_m_i_l_e_t,f
j_o_i,f
l_a_v_e_r_n,m
n_a_i_m_a,f
x_z_a_v_i_e_r,m
e_s_t_e_f_a_n_y,f
c_h_r_i_s_s_y,f
a_y_l_a,f
s_i_d,m
c_o_r_n_i_e,f
t_o_s_h_i_o,m
m_a_c_k,m
w_r_i_g_h_t,m
d_e_l_i_n_a,f
d_u_w_a_y_n_e,m
d_o_m_i_n_i_c_k,m
t_a_m_i,f
m_e_r_r_y,f
a_m_a_d_o,m
c_o_r_r_i_n_e,f
k_a_m_e_r_o_n,m
b_r_i_t_t_o_n,m
m_i_g_n_o_n,f
g_e_r_d_a,f
b_e_r_e_n_i_c_e,f
a_u_s_t_i_n,m
j_o_s_e_f_a,f
o_t_t_i_e,m
s_a_l_m_a,f
h_e_l_y_n,f
m_y_l_i_e,f
u_n_i_q_u_e,f
m_a_m_e,f
f_u_r_m_a_n,m
a_z_z_i_e,f
l_u_c_e_r_o,f
s_a_n_t_i_n_a,f
a_n_t_o_n_e_t_t_a,f
w_i_n_n_i_e,m
l_e_a_n_n_a,f
t_a_b,m
a_n_i_y_a,f
t_o_n_i_a,f
e_l_v_i_n,m
v_e_l_l_a,f
a_n_d_r_e_w,m
l_a_y_l_a_h,f
a_l_y_s_o_n,f
t_h_o_r_n_t_o_n,m
n_o_r_t_h,m
a_l_b_e_r_t_u_s,m
e_t_h_i_e,f
t_r_e_m_a_i_n_e,m
l_a_u_r_e_l,m
m_a_n_l_e_y,m
z_a_n_i_y_a_h,f
m_e_r_r_i,f
m_a_r_g_a_r_e_t_t_a,f
d_a_m_i_o_n,m
j_a_m_e_l,m
s_h_e_l_v_i_e,f
f_a_w_n,f
m_a_y,m
c_o_n_s_t_a_n_c_e,f
l_a_r_y,m
o_n_e_y,f
p_a_t,m
a_d_r_i_a_n_n_a,f
v_a_n_e_s_s_a,f
d_a_n_n_a,f
j_a_k_a_y_l_a,f
a_n_a_b_e_l_l_a,f
t_y_r_i_q,m
d_a_n_n_i_e,m
a_s_h_l_y_n,f
j_a_n_n_e_t_t_e,f
p_a_u_l_a,f
d_a_v_e,m
l_u_r_a_n_a,f
j_u_a_n_i_t_a,f
t_o_r_i_e,f
n_o_r_e_t_t_a,f
l_u_g_e_n_i_a,f
s_e_l_i_n_a,f
p_r_y_o_r,m
s_i_g_n_e,f
j_e_r_e_m_y,m
t_e_v_i_n,m
h_u_n_t,m
p_o_l_l_i_e,f
c_o_n_t_i_n_a,f
v_e_n_u_s,f
b_r_i_g_i_d,f
j_o_s_h_u_a,m
a_n_n_i_c_e,f
b_e_d_a,f
t_i_f_f_a_n_y,m
k_e_n_y_a_t_t_a,m
t_e_x_a_s,f
n_o_e,m
l_i_n_n,m
m_a_e_b_e_l_l_e,f
d_a_n_i_e_l_l_e,m
r_e_n_a_e,f
p_h_e_o_b_e,f
f_l_e_d_a,f
m_a_e_g_a_n,f
t_a_f_t,m
y_a_n_d_e_l,m
t_a_r_i_k,m
e_r_i_c_a,f
m_a_r_i_l_l_a,f
v_i_n_c_e_n_z_a,f
j_a_n_e_e_n,f
k_a_r_i_m,m
e_r_a,f
h_u_b_e_r_t,m
b_e_n_j_a_m_e_n,m
p_a_r_i_s,m
a_l_e_t_h_e_a,f
m_i_l_b_u_r_n,m
j_o_h_n_a_t_h_o_n,m
l_e_i_s_h_a,f
j_a_y_l_e_n_e,f
a_r_m_i_n_d_a,f
a_l_e_x_i_a,f
s_h_o_j_i,m
k_a_r_a_n,f
k_e_n_t_o_n,m
a_n_n_a_b_e_l,f
g_e_r_r_i,f
l_u_i_g_i,m
j_u_l_i_e_n,m
d_a_n_n,m
e_m_a,f
e_l_i_z_a_h,m
g_a_l_e,m
s_h_a_d_e,m
d_a_n_i_a,f
s_o_l_o_m_a_n,m
d_i_l_l_i_o_n,m
s_u_e,f
k_a_t_e_l_y_n,f
e_l_i_g_e,m
a_l_w_i_l_d_a,f
j_a_r_e_t,m
d_a_v_o_n,m
g_e_o_r_g_e_n_e,f
d_a_r_r_y_l,m
w_e_r_n_e_r,m
a_d_d_i_e,m
j_e_r_r_i_c_a,f
t_a_m_m_y,m
r_o_s_c_o,m
e_l_m_y_r_a,f
r_o_d_n_e_y,m
m_e_l_i_n_d_a,f
c_o_r_a_i_m_a,f
s_h_a_n_i_e_c_e,f
l_o_u_i_s_a,f
n_o_r_a,m
r_a_n_d_o_l_f,m
v_e_o_l_a,f
j_u_d_e,m
m_a_r_i_l_e_e,f
s_h_e_r_r_y_l,f
e_i_n_a_r,m
a_n_i_c_e,f
d_e_e_g_a_n,m
s_y_r_e_e_t_a,f
j_o_n,m
a_d_r_i_e_n_e,f
l_a_i_l_a_h,f
j_a_b_b_a_r,m
d_a_v_i_d,m
r_y_n_e,m
a_r_i_a_n_a,f
z_u_l_a,f
s_a_n_a_i,f
y_o_r_k,m
g_a_e_t_a_n_o,m
z_o_i_e,f
g_e_o_r_g_i_n_a,f
r_o_s_a,m
c_o_l_u_m_b_u_s,m
b_u_r_l,m
r_a_y_s_h_a_w_n,m
j_u_d_i_t_h,m
g_e_r_a_l_y_n,f
l_o_v_i_e,m
i_r_i_s,f
a_l_f_i_e,m
h_a_i_d_e_n,m
s_k_i_p,m
l_i_n_d_b_e_r_g_h,m
s_h_e_r_r_y,f
f_r_a_n_k_l_i_n,m
p_r_e_s_l_e_y,m
r_e_n_a_r_d,m
d_a_r_i_a,f
j_a_c_k_i_e,m
h_o_r_t_o_n,m
a_b_e,m
s_e_a_b_o_r_n,m
m_i_c_a_y_l_a,f
v_e_r_g_i_l,m
d_e_l_o_r_i_s,f
y_o_s_e_l_i_n,f
c_o_l_v_i_n,m
g_l_y_n_i_s,f
f_r_a_n_c_i_s_q_u_i,f
s_i_s_t_e_r,f
a_r_i_e_t_t_a,f
c_e_y_l_o_n,m
c_a_s_s,m
j_o_s_u_e,m
v_e_l_m_a,f
t_o_n_i,f
j_a_c_o_b,m
f_r_a_z_i_e_r,m
a_r_t_h_u_r,m
j_a_m_i_l,m
a_n_d_r_i_a,f
c_a_t_h_e_r_i_n_e,m
w_i_l_l_i_a_m_s,m
d_o_n_i_e,f
c_a_i_t_l_i_n,f
j_a_i_r,m
l_o_r_e_t_t_o,f
e_l_b_r_i_d_g_e,m
c_u_r_t,m
k_r_i_s_t_a,f
r_o_d_e_r_i_c,m
n_a_t_h_a_l_i_a,f
v_l_a_s_t_a,f
h_e_s_s_i_e,f
a_l_e_x_a_n_d_r_i_a,f
c_h_a_s_i_t_y,f
a_g_u_s_t_i_n,m
s_a_n_t_a,f
d_e_n_n_i_s,m
e_n_c_a_r_n_a_c_i_o_n,m
c_a_t_h_e_r_n,f
j_e_r_e,m
c_a_s_w_e_l_l,m
m_a_y_b_e_l_l,f
y_u_r_e_m,m
p_i_e_r_r_e,m
v_e_r_n_i_t_a,f
b_o_s_t_o_n,m
c_o_b_y,m
l_e_t_t_y,f
s_h_e_r_o_n,f
l_a_n_i,f
l_i_b_b_y,f
h_a_k_i_m,m
e_l_i_n_o_r_e,f
l_u_d_a,f
v_e_r_d_a,f
d_y_l_o_n,m
d_e_j_o_n,m
d_e_m_a,f
v_e_r_n_a,m
m_a_r_y_b_e_t_h,f
m_i_k_a_e_l_a,f
j_a_h_e_e_m,m
a_s_h_l_y_n_n,f
t_h_e_o,m
j_o_d_y,m
j_e_m_i_m_a,f
p_a_t_e,m
l_e_s_l_i_e,m
a_n_n_e_r,f
d_a_k_o_t_a_h,m
v_o_n_e_t_t_a,f
r_o_d_o_l_f_o,m
k_e_r_r_y,m
g_e_a_r_y,m
p_h_e_b_e,f
b_u_r_n_i_e,m
d_o_r_e_t_h_a,f
s_t_e_v_e,m
c_l_y_d_i_e,f
e_u_g_e_n_i_o,m
d_r_u_r_y,m
a_n_g_e_l_i_c,f
i_n_g_e_b_o_r_g,f
b_a_x_t_e_r,m
m_a_g_a_n,f
f_a_y_e,f
b_r_i_d_g_e_t_t,f
t_a_l_l_i_e,m
o_r_e_l_i_a,f
t_i_m_m_y,m
y_u_r_i_d_i_a,f
r_a_y_f_o_r_d,m
e_t_h_e_l_e_n_e,f
e_f_f_i_e,m
r_a_f_e,m
m_a_r_d_e_l_l,f
k_r_y_s_t_i_n_a,f
k_i_m_o_r_a,f
g_r_a_c_e_l_y_n,f
m_a_j_o_r,m
w_a_l_t_e_r,m
l_o_u_i_s,m
k_a_t_h_a_l_e_e_n,f
i_s_h_a_a_n,m
a_d_i_s_o_n,f
a_l_t_h_e_a,f
l_a_y_l_a,f
d_a_r_y_l,m
j_e_r_a_d,m
d_e_v_o_n_t_e,m
e_l_i_z_a_b_e_t,f
s_t_a_c_e_y,m
e_l_l_s_w_o_r_t_h,m
c_h_a_r_l_i_e,m
t_h_u_r_s_t_o_n,m
k_a_y_l_a_h,f
m_i_k_h_a_i_l,m
j_a_z_m_y_n,f
n_a_t_a_l_i_e,f
g_o_l_d_e_n,m
b_r_e_t_t,m
t_a_j_a,f
v_i_c_k_i,f
j_a_l_i_s_a,f
g_e_a_r_l_d_i_n_e,f
o_m_a_r,m
r_a_g_n_a,f
z_a_y_d_e_n,m
a_l_t_o,m
t_a_r_i,f
r_e_v_a,f
b_e_t_s_y,f
j_o_a_n_a,f
u_n_n_a_m_e_d,m
m_o_e_s_h_a,f
d_a_r_r_y_n,m
v_i_c_i_e,f
r_u_f_u_s,m
a_l_c_i_e,f
g_a_l_e_n,m
l_e_a_m_o_n,m
t_a_s_i_a,f
f_e_r_r_e_l_l,m
k_i_e_l,m
a_l_f_o_r_d,m
a_m_m_a,f
d_a_n_a_e,f
m_a_r_c_e_l_i_n_o,m
t_a_t_i_a_n_n_a,f
h_o_r_t_e_n_c_i_a,f
m_i_n_o_r_u,m
c_a_s,m
t_r_e_n_t,m
o_r_m_a,f
k_i_y_o_k_o,f
v_i_r_g_i_a,f
k_r_i_s_h,m
a_r_l_a_n,m
m_a_r_i_l_y_n,m
g_e_n_e,m
g_e_o_r_g_e,m
a_l_i_a,f
b_u_r_d_e_t_t_e,m
p_u_r_l,m
w_a_y_l_o_n,m
d_o_n_n_e_l_l,m
b_e_e,m
g_r_e_g_o_r_y,m
j_e_r_a_l_d,m
e_b_b,m
j_a_h_i_e_m,m
i_r_m_a,f
f_r_a_n_c_i_e_s,f
s_a_b_r_a,f
v_i_r_g_i_n_i_a,m
o_t_t_i_l_i_a,f
a_b_e_l,m
t_y_r_e_k_e,m
b_a_r_n_e_t_t,m
c_l_e_t_u_s,m
l_o_n_d_o_n,m
v_i_c_t_o_r_i_a_n_o,m
m_a_r_g_u_r_i_t_e,f
s_a_r_a_i,f
e_a_r_l_e_a_n,f
m_i_t_z_i,f
p_a_i_r_l_e_e,f
d_u_l_c_i_e,f
i_c_y,f
h_a_r_l_e_n_e,f
f_r_a_n_c_i_s_c_o,m
l_e_e_r_o_y,m
j_u_a_n,m
n_e_l_s,m
h_i_l_m_e_r,m
z_a_c_h_e_r_y,m
o_r_a_l_i_a,f
k_a_s_h,m
w_i_l_f_o_r_d,m
t_r_e_y_t_o_n,m
t_a_t_i_a_n_a,f
l_a_c_i_e,f
c_a_n_d_i_s,f
f_l_o_r_e_n_c_e,m
d_a_i_s_h_a,f
r_e_n_a_t_a,f
d_a_i_s_y_e,f
l_a_t_o_n_y_a,f
n_o_l_a,f
w_i_n_f_o_r_d,m
b_a_n_k_s,m
r_u_s_s_e_l_l,m
g_i_n_a,f
b_a_r_b,f
j_u_n_e,m
j_u_n_i_a,f
e_f_r_a_i_n,m
c_l_e_m,m
d_o_l_a,f
c_e_c_i_l_i_a,f
p_a_r_r_i_s_h,m
g_a_r_n_e_t_t,m
v_e_r_n_e_l_l,m
c_o_l_l_i_n_s,m
j_e_r_r_e_l,m
d_o_r_i,f
h_a_l,m
f_r_e_d,m
f_e_l_i_s_h_a,f
l_e_s_l_i,f
h_e_i_d_i,f
v_a_l_i_n_d_a,f
r_o_m_e_l_l_o,m
y_o_e_l,m
e_l_i_j_a_h,m
c_o_l_i_e,m
c_a_n_d_i_d_o,m
l_u_v_e_n_i_a,f
r_o_s_i_n_a,f
j_e_n_n_i_e,m
l_a_f_e,m
j_e_d_i_d_i_a_h,m
i_n_e_z,f
l_e_t_h_i_a,f
r_o_s_e_a_n_n_a,f
f_e_r_n_a_n_d_a,f
m_a_l_a_c_h_i,m
a_l_p_h_o_n_s_i_n_e,f
e_v_i_e,f
j_e_r_o_m_e,m
o_l_a,m
t_i_l_l_i_e,f
j_o_e_l_l_a,f
r_o_l_l_a_n_d,m
r_a_s_h_i_d_a,f
m_i_c_h_e_l_l_e,m
n_o_e_l_l_e,f
s_o_p_h_i_e,f
f_a_r_r_i_s,m
c_l_e_m_e_n_t,m
s_i_m_e_o_n,m
c_h_a_k_a,f
f_e_s_t_u_s,m
l_a_y_t_o_n,m
b_r_i_t_t_a_n_i_e,f
d_a_r_e_l_l,m
j_u_s_t_e_n,m
l_e_l_l_a,f
l_a_z_a_r_o,m
t_o_b_i_e,m
l_o_n,m
s_a_n_d_e_r_s,m
e_v_a_l_e_n_a,f
o_n_e_t_a,f
a_n_t_w_a_i_n,m
t_a_n_y_a,f
b_r_y_a_n_a,f
e_m_m_a_l_e_e,f
y_a_r_e_l_i,f
b_u_r_t,m
c_h_a_n_a,f
r_e_n_n_i_e,f
h_a_i_l_e_y,f
s_h_a_q_u_a_n,m
v_e_r_n_e_l_l_e,f
o_z_e_l_l,m
n_e_s_t_o_r,m
e_l_o_i_s_e,f
u_n_k_n_o_w_n,m
h_e_c_t_o_r,m
g_i_o_v_a_n_i,m
l_a_t_a_r_s_h_a,f
c_l_o_v_i_s,m
t_a_l_e_n,m
e_t_h_e_l,m
s_k_y_l_a,f
l_i_l_l_i_e,m
j_e_a_n_e_t_t_e,f
e_m_e_l_i_a,f
s_a_l_o_m_o_n,m
b_y_r_d_i_e,f
b_u_d_d_i_e,m
a_n_g_e_l_i_t_a,f
v_i_c_k_y,f
k_i_y_o_s_h_i,m
g_e_o_r_g_i_a_n_n_a,f
a_r_d_a_t_h,f
f_r_e_e_m_a_n,m
e_s_e_q_u_i_e_l,m
o_s_w_a_l_d_o,m
e_n_r_i_c_o,m
e_l_i_s_a,f
h_a_r_l_o_n,m
a_n_n_e_m_a_r_i_e,f
o_v_i_d,m
m_a_k_e_n_n_a,f
t_o_y_a,f
b_a_b_e,m
t_a_n_i_a,f
m_i_y_a,f
m_a_i_r_a,f
f_o_r_e_s_t,m
s_e_v_e_r_t,m
i_s_l_a,f
j_a_e_d_e_n,m
p_e_r_r_i,f
n_i_n_n_i_e,f
t_h_e_o_d_o_r_a,f
i_o_n_a,f
k_a_y_e,m
i_d_a,m
g_e_o_r_g_a_n_n_a,f
c_o_l_t_o_n,m
m_a_r_l_o,m
e_m_i_l_i_a,f
m_a_r_a,f
p_l_e_a_s,m
l_a_m_b_e_r_t,m
j_e_n_n_a,f
g_r_a_y_l_i_n_g,m
s_h_a_n_e_k_a,f
g_i_n_o,m
n_o_r_e_n_e,f
b_r_i_e_l_l_e,f
j_a_c_q_u_e_l_y_n_n,f
c_a_s_s_i_e,m
n_i_c_o_l_a_s,m
s_i_e,m
m_a_r_i_e,m
f_r_a_n_c_o,m
l_e_e_s_a,f
w_a_l_k_e_r,m
a_n_i_b_a_l,m
c_a_m_m_i_e,f
a_a_l_i_y_a_h,f
s_h_e_e_n_a,f
m_a_r_y,m
p_o_r_s_h_a,f
b_u_e_l_l,m
h_u_l_d_a_h,f
k_a_t_e_l_i_n,f
e_s_t_e_v_a_n,m
w_i_l_l_i_e,m
d_e_s_e_a_n,m
l_y_n_d_a,f
s_u_d_i_e,f
s_a_d_y_e,f
p_a_n_d_o_r_a,f
p_o_r_s_c_h_e,f
b_r_a_n_t_l_e_y,m
l_a_m_a_r,m
a_s_h_e_l_y,f
y_o_l_a_n_d_a,f
o_r_l_a_n_d,m
s_t_e_f_a_n_i_e,f
l_l_e_w_e_l_l_y_n,m
j_e_r_a_m_i_e,m
h_a_r_p_e_r,m
a_n_c_e_l,m
a_l_m_e_d_i_a,f
l_a_w_e_r_e_n_c_e,m
a_l_l_e_e_n,f
l_u_c_i_o,m
t_a_u_r_u_s,m
c_l_a_u_d_i_o,m
s_a_b_i_n_a,f
b_u_d_d,m
f_a_n_n_i_e,m
k_i_m_b_e_r_l_i,f
c_a_t_r_i_n_a,f
r_e_g_e_n_i_a,f
l_a_n_e,m
r_o_s_e_a_n_n_e,f
c_a_n_n_i_e,f
h_y_m_e_n,m
j_a_y_v_i_o_n,m
f_r_a_n,f
h_a_r_d_i_n,m
t_y_r_i_q_u_e,m
l_o_v_e_t_t,m
a_h,m
p_h_y_l_l_i_s,f
d_e_l_l_i_a,f
l_o_n_d_y_n,f
r_e_i_n_a,f
k_e_c_i_a,f
b_e_d_f_o_r_d,m
t_a_v_a_r_i_s,m
c_h_e_s_t_e_r,m
k_e_i_s_h_a,f
t_a_m_i_a,f
n_o_a_h,m
d_a_r_r_y,m
a_n_a_y_a,f
b_o_w_m_a_n,m
m_e_l_v_y_n,m
v_i_r_g_e_l,m
e_v_e_l_e_n_a,f
a_m_b_e_r,f
c_h_e_r_e_l_l_e,f
s_a_n_j_u_a_n_a,f
l_i_l_y_a_n_a,f
w_h_e_e_l_e_r,m
a_m_a_s_a,m
m_c_k_e_n_n_a,f
g_a_y_l_e_n,m
k_i_a_r_a,m
e_l_l_i_e,m
e_m_i_l,m
t_o_m_m_i_e,m
c_o_r_i_n_e,f
c_e_l_e_s_t_e,f
f_i_l_o_m_e_n_a,f
i_s_r_e_a_l,m
a_d_e_l_a_i_d_e,f
t_e_g_a_n,m
a_n_t_w_o_n,m
k_a_l_e_n,m
a_l_b_e_r_t_i_n_e,f
l_i_z_a,f
z_e_t_a,f
a_u_g_u_s_t_i_n_a,f
r_e_a_t_h_a,f
j_i_l_l,f
b_u_n_k,m
b_a_r_t,m
b_e_n_a_r_d,m
b_r_a_y_l_o_n,m
j_o_v_a_n_y,m
l_i_n_d_e_n,m
m_a_c_e_l,f
a_r_r_o_n,m
w_a_n_e_t_a,f
a_m_i,f
l_i_n_n_i_e,m
m_i_r_a,f
j_a_y_m_e,m
j_a_l_y_n,f
w_a_s_h_i_n_g_t_o_n,m
f_a_n_n_y_e,f
w_e_s_l_e_y,m
k_y_a,f
a_d_e_l_a,f
w_i_n_f_i_e_l_d,m
i_r_w_i_n,m
v_e_n_i_t_a,f
f_e_d_e_r_i_c_o,m
k_y_a_n,m
j_u_n_i_o_u_s,m
t_h_a_d,m
v_e_l_d_a,f
h_e_i_d_y,f
v_e_l_a,f
n_e_v_a_e_h,f
m_a_r_g_a_r_e_t_e,f
n_i_k_i,f
c_l_e_o_l_a,f
j_a_n_a_y,f
v_e_r_n_e_t_t_a,f
s_h_a_w_n_t_e,f
h_a_v_e_n,m
s_o_n_j_i,f
e_v_e_l_y_n_e,f
a_b_i_g_a_l_e,f
g_u_s_s_i_e,m
t_a_m_e_l_a,f
c_o_n_s_u_e_l_o,f
j_o_h_n_e_y,m
h_a_r_r_o_l_d,m
a_b_i_g_a_y_l_e,f
m_o_z_e_l_l,f
j_a_m_a_r,m
a_l_e_x_u_s,f
l_e_a_n_n_e,f
a_n_g_e_l_l_a,f
b_e_t_h,f
t_a_m_i_k_a,f
e_d_w_i_n,m
v_o_n_n_i_e,f
a_n_s_e_l,m
l_i_n_d_e_l_l,m
m_e_r_c_e_d_e_s,f
b_r_a_e_d_o_n,m
l_y_n_n_e,f
z_a_c_k_e_r_y,m
r_e_x_f_o_r_d,m
t_h_u_r_l_o_w,m
f_a_i_r_y,f
t_a_w_a_n_d_a,f
c_a_r_l_o,m
a_l_t_o_n,m
c_h_r_i_s_s_i_e,f
y_e_h_u_d_a,m
i_z_a_b_e_l_l_a,f
k_a_m_r_o_n,m
d_o_n_a_t,m
e_l_i_s_a_b_e_t_h,f
o_s_s_i_e,m
t_r_a_c_e_e,f
a_r_m_a_n_i,m
s_h_e_p,m
s_a_n_n_i_e,f
e_l_i_a_s,m
c_a_n_d_a_c_e,f
m_a_r_g_r_e_t_t_a,f
o_r_v_i_s,m
h_o_l_d_e_n,m
k_a_n_e,m
j_e_f_f_e_r_e_y,m
l_u_l_a,m
c_h_e_r_i_s_e,f
m_i_n_t_a,f
r_u_d_y,m
b_r_e_a_n_n,f
i_l_a_h,f
o_f_e_l_i_a,f
s_l_a_d_e,m
k_a_i,m
g_u_s_t_a_v_e,m
c_a_r_i_s_a,f
s_t_o_r_m_y,f
b_e_t_h_a_n_n,f
e_u_s_e_b_i_o,m
m_i_r_i_a_h,f
j_e_n_i_l_e_e,f
s_a_l_l_y,f
l_a_c_i,f
b_e_s_s,f
s_a_n_j_u_a_n_i_t_a,f
k_a_t_h_e_r_n,f
e_a_r_l_e_y,m
a_r_t_i_s,m
e_l_m_o,m
e_r_n_e_s_t_i_n_a,f
m_a_n_e_r_v_i_a,f
l_i_l_l_y,f
m_e_r_l_y_n,m
i_c_a,f
l_i_a_m,m
p_e_r_l_e_y,m
s_i_g_u_r_d,m
m_a_c_e_y,f
l_a_n_d_e_n,m
e_l_r_o_y,m
h_a_l_b_e_r_t,m
f_r_o_n_n_i_e,f
t_a_n_i_k_a,f
d_a_n_i_e_l_e,f
p_l_e_a_s_a_n_t,m
m_i_m_i,f
g_a_y_l_o_n,m
d_o_s_s_i_e,f
z_o_e_y,f
c_l_e_l_l,m
d_e_s_t_i_n_y,f
b_r_i_s_a,f
t_e_l_l_a,f
i_l_l_a,f
c_l_a_i_r,m
a_u_g_u_s_t_i_n,m
c_a_r_m_e_n,m
i_v_e_r,m
b_e_y_o_n_c_e,f
o_r_r_e_n,m
r_o_b_b_y,m
t_e_n_n_i_e,f
o_s_i_e,m
g_r_a_d_y,m
e_l_i,m
m_a_l_v_i_n_a,f
v_i_n_c_e_n_z_o,m
b_r_a_n_d_i,f
m_a_r_g_u_e_r_i_t_t_a,f
t_r_e_v_e_r,m
k_a_s_i_e,f
a_c_e_y,m
z_e_t_t_a,f
b_u_r_g_e_s_s,m
z_o_l_a,f
a_d_r_i_a_n_n_e,f
b_i_r_d_e_l_l_a,f
g_o_v_e_r_n_o_r,m
t_e_r_r_y,m
t_e_r_r_a_n_c_e,m
a_g_u_s_t_u_s,m
b_r_y_n,f
g_o_e_b_e_l,m
a_l_e_s_s_a_n_d_r_a,f
s_h_i_r_l_e_y_a_n_n,f
c_a_r_y_n,f
m_a_r_g_i_e,f
k_i_m_b_e_r_l_y,m
k_a_t_e,f
n_y_a_h,f
i_r_a,m
s_h_e_l_i_a,f
f_e_l_i_p_a,f
l_o_n_z_o,m
l_e_s_a,f
j_o_s_e_t_t_e,f
r_u_d_o_l_p_h,m
j_a_q_u_a_n,m
a_n_i_k_a,f
s_t_e_p_h_o_n,m
m_a_n_i_l_l_a,f
m_a_r_i_a_n_n,f
k_e_l_s_e_a,f
r_h_i_a_n_n_o_n,f
m_e_r_r_i_l_y,f
b_e_r_l_i_n,m
m_a_g_d_a_l_e_n,f
k_a_r_r_i_e,f
s_i_m,m
a_d_r_i_a_n_a,f
c_o_u_n_c_i_l,m
c_i_e_l_o,f
n_i_c_k,m
d_o_r_a_t_h_y,f
f_l_o_r_i_a_n,m
t_i_l_l_m_a_n,m
a_r_m_a_n_d,m
t_r_e_s_a,f
a_r_v_i_l_l_a,f
r_i_k_k_i,f
r_o_y,m
s_e_r_g_i_o,m
t_a_n_j_a,f
r_u_t_h_a,f
g_r_e_e_n_e,m
j_a_m_e_s,m
c_o_r_e_y,m
m_a_r_g_a_r_e_t_t,f
m_u_r_d_o_c_k,m
d_e_s_i_r_e_e,f
t_a_v_a_r_e_s,m
t_r_e_v_i_n,m
m_a_r_y_l_e_e,f
b_r_a_n_d_y,m
c_h_l_o_e,f
m_a_d_y_s_o_n,f
p_r_i_c_i_l_l_a,f
c_a_l_l_i_e,m
t_i_m,m
a_s_s_u_n_t_a,f
p_a_u_l_i_n_e,m
n_o_b_l_e,m
r_o_s_i_e,f
f_l_o_y,m
k_r_i_s_t_i_n,m
d_e_f_o_r_e_s_t,m
a_m_a_n_i,f
k_a_r_l_e_y,f
a_b_b,m
e_p_h_r_a_m,m
j_a_v_i_o_n,m
d_a_r_i_a_n_a,f
d_w_a_y_n_e,m
n_e_t_t_i_e,f
e_t_h_a_n,m
s_h_a_r_d_a_e,f
i_v_a_h,f
c_h_a_i_m,m
h_o_r_t_e_n_s_i_a,f
a_l_v_a_n,m
h_i_l_d_e_g_a_r_d_e,f
n_y_l_a,f
s_h_a_n_t_e,f
b_r_e_a,f
d_a_x,m
r_o_b_y,m
d_e_b_o_r_a,f
d_o_n_n,m
s_a_m_i_r_a,f
f_e_l_i_c_i_a,f
h_u_r_b_e_r_t,m
p_e_r_n_e_l_l,m
h_a_n_s_f_o_r_d,m
i_s_m_a_e_l,m
r_a_n_d_o_l_p_h,m
s_l_o_a_n_e,f
a_s_o_n,f
l_y_n_s_e_y,f
k_a_i_t_l_y_n_n,f
b_u_e_n_a,f
m_a_n_s_o_n,m
c_o_r_n_e_l_i_a,f
s_y_b_i_l_l_a,f
d_a_n_g_e_l_o,m
r_o_s_e_m_a_r_i_e,f
v_i_o_l_e_t_t_e,f
e_r_l_a_n_d,m
e_v_a_n_s,m
c_h_a_u_n_c_e_y,m
l_o_r_r_a_y_n_e,f
k_e_a_n_d_r_e,m
j_u_l_i_o_u_s,m
j_o_r_d_e_n,m
g_a_r_e_y,m
e_i_t_h_e_l,f
e_v_e_l_i_n,f
s_o_m_m_e_r,f
c_o_n_n_e_r,m
m_a_r_a_l_y_n,f
h_i_l_d_a,f
d_o_n_n_y,m
f_i_n_i_s,m
a_r_m_o_n_d,m
d_o_r_s_e_y,m
d_e_r_i_c,m
d_a_n_i_t_a,f
r_o_m_o_n_a,f
a_r_n_e_t_t,m
l_e_a_n_e_r,f
c_a_r_o_l_y_n,m
n_e_e_d_h_a_m,m
l_a_u_r_e_n_c_e,m
i_r_v_i_n_e,m
m_a_e_v_e,f
k_r_i_s_t_y_n,f
p_e_a_r_l_a,f
f_e_r_d,m
s_h_a_n_e_q_u_a,f
i_s_o_b_e_l,f
j_u_l_i_u_s,m
n_e_n_a,f
s_h_r_e_y_a,f
a_r_l_e_n_e,f
j_u_d_i_e,f
r_o_s_e,m
k_i_r_t,m
i_r_i_d_i_a_n,f
b_a_r_r_i_e,m
e_u_l_a_l_i_e,f
d_e_r_y_l,m
y_e_s_s_e_n_i_a,f
d_a_n_i_k_a,f
e_t_h_e_l_y_n,f
m_a_u_r_i_n_e,f
f_l_e_m,m
a_v_o_n,m
e_d_r_i_s,f
m_e_l_i_s_a,f
d_e_n_e_e_n,f
n_a_k_i_a,m
t_r_i_s_t_i_a_n,m
n_e_d_r_a,f
b_l_a_s,m
n_o_l_i_a,f
a_y_d_i_n,m
r_o_s_a_l_e_e,f
h_a_m,m
k_e_n_n_e_y,m
f_l_o_r_i_e,f
l_o_r_r_a_i_n_e,f
a_t_t_i_e,f
i_l_o,f
i_s_a_b_e_l_a,f
h_a_m_i_l_t_o_n,m
k_a_i_t_l_i_n,f
t_h_o_r,m
a_r_i_e_l_l_a,f
a_l_e_c,m
s_a_l,m
c_h_a_r_l_o_t_t_e,f
t_a_i,f
o_r_a_n_g_e,m
a_n_s_l_e_y,f
d_e_b_e_r_a,f
k_a_t_i_a,f
b_e_t_h_e_l,m
g_r_e_g_g,m
k_e_n_d_a_l_l,m
l_e_t_i_c_i_a,f
i_v_a_n,m
a_r_d_e_t_h,f
n_i_k_o,m
l_a_s_o_n_y_a,f
k_a_l_e_e_n_a,f
c_a_n_d_i,f
u_r_i_a_h,m
d_e_m_p_s_e_y,m
t_i_n_y,f
k_o_l_b_y,m
l_i_a_n_e,f
l_o_r_e_n_z_a,m
m_a_d_d_i_s_o_n,f
b_u_n_a,f
d_e_l_o_i_s,f
l_i_n_s_e_y,f
c_h_a_n_n_i_e,f
m_e_k_h_i,m
h_a_l_e,m
f_r_e_d_y,m
d_a_r_y_l_e,m
e_u_n_i_c_e,m
l_e_n_o_r_a,f
k_a_r_l_e_e,f
h_o_l_l_i,f
i_r_v_e_n,m
e_v_a_n_g_e_l_i_n_a,f
l_o_y_a_l,m
m_i_l_l_e_r,m
c_h_e_r_y_l_l,f
c_l_y_t_i_e,f
m_a_r_q_u_e_s,m
b_e_c_k_h_a_m,m
a_m_e_l_i_a,f
s_e_y_m_o_u_r,m
b_l_a_n_c_h,f
f_r_e_d_e_r_i_c,m
d_u_r_w_o_o_d,m
d_e_o_n_t_e,m
a_l_t_h_a,f
j_e_p,m
f_e_r_d_i_n_a_n_d,m
c_h_a_d_w_i_c_k,m
d_e_o_n_d_r_e,m
a_l_e_n_e,f
m_a_r_i_n_d_a,f
s_i_n_g,m
r_a_y,m
r_o_s_i_a,f
s_h_a_i_n_a,f
a_l_i_y_a_h,f
o_r_e_n_e,f
b_r_i_t_n_y,f
a_n_n,m
h_a_m_p_t_o_n,m
v_a_l_e_r_i_a,f
r_o_l_a_n_d,m
o_d_a_l_i_s,f
a_d_l_i_n_e,f
p_a_u_l_o,m
d_o_n_o_v_a_n,m
f_r_a_n_c,f
j_a_i_l_e_n_e,f
a_n_c_i_l,m
g_o_l_d_i_a,f
s_h_a_n_e,m
i_n_g_r_i_d,f
h_a_t_t_i_e,m
t_a_w_a_n_a,f
c_r_o_c_k_e_t_t,m
h_i_d_e_o,m
f_r_a_n_c_e_s_c_o,m
t_h_o_m_a_s,m
a_l_f_o_n_s_o,m
a_l_b_e_r_t_a,f
c_a_t_h_a_r_i_n_e,f
k_a_y_l_a,f
l_o_y_c_e,f
e_d_d,m
e_l_e_o_n_o_r_e,f
g_o_r_d_e_n,m
d_i_r_k,m
m_u_r_r_a_y,m
n_e_r_y,m
k_a_t_e_l_y_n_n,f
b_o_s_s,m
h_a_s_k_e_l_l,m
g_r_a_f_t_o_n,m
a_l_e_a_s_e,f
a_u_t_h_u_r,m
c_a_s_s_a_n_d_r_a,f
a_n_n_i_s,f
r_e_y_n_a,f
p_a_l_o_m_a,f
b_l_a_n_c_h_a_r_d,m
c_l_o_t_i_l_d_a,f
l_a_v_e_n_i_a,f
k_a_r_l_i,f
a_l_o_y_s,m
a_d_a_h,f
e_m_m_i_t_t,m
w_e_s_s,m
h_a_l_l_e_y,m
c_e_d_r_i_c_k,m
g_a_b_r_i_e_l_l_e,f
t_a_m_i_e,f
s_u_n_d_a_y,f
r_u_t_h_a_n_n,f
m_a_t_h_i_l_d_a,f
a_n_g_e_l_i_a,f
g_e_n_n_a_r_o,m
b_i_l_a_l,m
t_o_n_j_a,f
h_e_s_t_e_r,m
e_l_s_a,f
k_e_a_t_o_n,m
c_a_t_h_r_y_n,f
t_r_e_v_o_n,m
c_a_s_p_e_r,m
k_y_l_i_e,f
w_y_l_i_e,m
o_t_h_a,m
e_x_i_e,f
h_o_b_e_r_t,m
h_a_z_e_l,m
s_t_e_p_h_a_n_i_a,f
n_a_t_h_e_n,m
l_u_c_i_e_n,m
r_e_g_g_i_e,m
g_w_y_n,f
l_a_c_y,m
a_n_a_s_t_a_c_i_o,m
t_y_r_u_s,m
l_i_n_w_o_o_d,m
t_o_d_d,m
m_i_n_e_r_v_a,f
w_i_l_l,m
e_l_w_y_n,m
l_a_t_r_e_l_l,m
d_e_m_e_t_r_i_u_s,m
s_c_a_r_l_e_t,f
g_i_s_e_l_l_e,f
j_e_t_t,m
r_o_o_s_e_v_e_l_t,m
c_h_a_r_i_t_y,f
l_o_r_i,f
g_a_r_v_i_n,m
c_i_t_l_a_l_l_i,f
h_a_r_m_a_n,m
a_b_i_g_a_i_l,f
a_r_i_e_l_l_e,f
s_h_e_l_l_i,f
h_e_l_e_n_e,f
j_e_s_s_i,f
m_e_r_c_e_r,m
i_r_v_i_n_g,m
k_a_t_h_l_e_n_e,f
a_u_r_e_l_i_o,m
l_e_n_o_r_d,m
m_a_r_i_n,f
c_i_n_d_i,f
s_e_r_e_n_i_t_y,f
t_a_m_a_r_a,f
l_a_w_a_n_d_a,f
a_l_o_n_d_r_a,f
c_h_a_r_i_s_s_a,f
p_l_e_s,m
l_e_s,m
c_h_r_i_s_t_o_p_h_e_r,m
s_h_a_f_t_e_r,m
r_o_y_a_l,m
c_o_n_r_a_d,m
h_e_r_b_e_r_t,m
m_a_r_s_h_a_l,m
m_a_r_r_y,f
p_a_i_g_e,f
m_a_r_y_a_m,f
s_i_m_o_n_a,f
m_i_n_o_r,m
a_v_a_h,f
b_o_d_e,m
u_n_a,f
j_e_r_m_a_i_n_e,m
v_i_c_t_o_r_y,f
c_o_n_w_a_y,m
d_a_m_i_e_n,m
p_e_d_r_o,m
g_r_i_f_f_i_n,m
b_r_e_n_n_a,f
n_i_c_k_i,f
e_d_n_a_h,f
s_a_u_n_d_r_a,f
e_v_a_n,m
n_i_k_i_a,f
p_e_y_t_o_n,m
z_a_i_n,m
v_i_v_a,f
r_u_s_s_e_l,m
e_n_r_i_q_u_e,m
a_l_m_a,m
r_a_y_n_e,f
b_r_o_d_e_r_i_c_k,m
l_u_c_i_u_s,m
e_s_t_e_f_a_n_i,f
k_a_r_m_a,f
j_u_s_t_i_n_e,m
n_o_r_a_h,f
a_l_i_n_e,f
t_e_r_e_s_s_a,f
k_a_r_l_y,f
h_u_s_t_o_n,m
q_i_a_n_a,f
b_e_l_i_a,f
e_l_e_a_n_o_r_e,f
r_u_s_t_i_n,m
k_a_t_h_e_r_i_n,f
k_e_l_l_e_n,m
a_l_v_i_n,m
k_o_u_r_t_n_e_y,f
r_a_s_h_a_a_d,m
b_r_o_o_k_e,f
k_r_i_s_t_i_e,f
m_a_n_u_e_l_i_t_a,f
l_i_n_t_o_n,m
l_o_u,m
h_a_z_l_e,f
m_i_l_t_o_n,m
l_i_s_t_o_n,m
c_l_e_m_e_n_c_e,m
m_i_r_i_a_m,f
j_i_m_m_i_e,m
j_a_n,m
j_o_r_d_y,m
a_l_b_e_r_t_o,m
t_h_u_r_s_a,f
k_i_e_r_a,f
k_a_z_u_k_o,f
o_l_a_n,m
w_i_l_m_e_r,m
m_e_r_v_i_n,m
n_a_n,f
k_y_l_a_h,f
e_r_v_i_n_g,m
w_i_l_l_e_n_e,f
a_r_v_i_l,m
b_e_r_t_h_a,m
t_i_l_l_a,f
c_h_r_i_s_t_i_e,f
v_e_r_l_i_n,m
x_a_n_d_e_r,m
p_e_r_l_a,f
e_l_e_n_o_r_a,f
b_r_y_t_o_n,m
t_o_m_a_s,m
d_e_l_i_n_d_a,f
d_o_z_i_e_r,m
b_r_i_g_i_t_t_e,f
s_i_l_v_i_o,m
g_o_t_t_l_i_e_b,m
l_u_a_n_n_e,f
b_l_a_i_r,m
a_g_n_e_s_s,f
k_a_t_r_i_n_a,f
m_i_c_a_h,m
l_a_k_e_i_s_h_a,f
s_h_a_y_n_e,m
d_o_n_t_a,m
m_e_r_l_e,m
d_e_a_c_o_n,m
g_r_e_g,m
l_a_n_d_a_n,m
c_l_a_r_k_e,m
p_e_r_c_i_v_a_l,m
m_y_l_e_e,f
c_o_l_e_t_t_e,f
s_i_n_a,f
p_i_e_r_c_e,m
t_r_a_c_i,f
s_a_n_t_o,m
m_o_n_t_e_l,m
j_a_n_e_n_e,f
e_a_r_l_i_e,m
j_o_v_a_n_n_y,m
j_u_a_n_a,f
c_h_a_m_p,m
a_l_y_s_h_a,f
d_u_r_w_a_r_d,m
v_e_r_n,m
s_a_m_a_t_h_a,f
t_h_e_r_o_n,m
i_z_a_y_a_h,m
d_e_b,f
y_u_l_i_s_a,f
j_a_y_d_o_n,m
l_i_n_e_t_t_e,f
k_a_e_l_a,f
b_r_a_x_t_o_n,m
r_o_s_e_n_d_o,m
a_t_l_a_s,m
b_u_r_l_e_y,m
p_a_t_r_i_c_k,m
w_i_l_s_o_n,m
r_o_c_c_o,m
g_l_e_n_n_i_e,f
e_r_n_e_s_t_i_n_e,f
j_e_s_s_e,m
d_e_i_o_n,m
a_l_o_y_s_i_u_s,m
p_a_m,f
b_l_o_s_s_o_m,f
e_l_a,f
v_e_v_a,f
r_o_l_a_n_d_o,m
k_e_l_l_a_n,m
l_u_d_w_i_g,m
a_d_e_l_i_a,f
g_a_v_e_n,m
c_l_a_s_s_i_e,f
b_l_a_n_e,m
b_a_s_c_o_m,m
r_u_t_h,m
g_a_y_n_e_l_l,f
a_n_t_o_n_i_o,m
k_a_y_l_e_i_g_h,f
s_h_a_r_a,f
z_a_i_d_e_n,m
c_a_r_y_l,f
a_l_m_o_n,m
m_e_t_t_i_e,f
f_a_b_i_o_l_a,f
k_i_m_b_a_l_l,m
t_e_a,f
c_l_e_a_v_e,m
f_e_l_i_x,m
o_l_e_y,m
t_i_l_d_e_n,m
g_e_o_r_g_i_a_n_a,f
m_a_x,m
m_i_k_a_l,m
d_e_j_a_h,f
r_e_g_i_n_a_l_d,m
h_e_n_r_y,m
v_e_r_l,m
w_e_n_d_e_l_l,m
s_a_l_o_m_e,f
c_l_a_u_d_e_t_t_e,f
d_e_b_b_r_a,f
o_r_v_a_l,m
m_a_d_e_l_y_n,f
c_a_r_n_e_l_l,m
k_w_a_m_e,m
c_a_t_h_r_i_n_e,f
l_e_o_n_i_d_a_s,m
l_e_i_s_a,f
z_a_v_i_e_r,m
l_a_u_r_e_n,m
s_h_e_r_i_e,f
a_r_i_e,f
e_l_i_s_e_o,m
d_e_s_s_i_e,m
e_s_t_e_b_a_n,m
s_h_a_s_t_a,f
s_h_o_n,m
w_e_n_d_e_l,m
d_e_e_d_e_e,f
v_a_l_a_r_i_e,f
s_i_l_a_s,m
g_w_e_n_d_a,f
b_e_l_l,m
c_h_r_i_s_t_i_a_n,m
h_u_l_d_a,f
t_a_m_r_a,f
s_t_a_r_l_i_n_g,m
a_r_n_e,m
r_i_s_a,f
e_u_l_a_h,f
g_i_l_l_i_a_n,f
m_i_c_h_e_l_l,f
a_l_p_h_o_n_s_o,m
m_a_r_c_h_e_l_l_o,m
e_d_w_a_r_d_o,m
l_u_i_s_a,f
e_s_s_e_x,m
n_i_g_e_l,m
k_i_n_s_l_e_y,f
r_o_n_a_l,m
g_i_l_m_o_r_e,m
a_l_m_e_r,m
c_y_n_t_h_a,f
d_e_w_a_y_n_e,m
s_h_e_a,m
l_i_t_t_l_e_t_o_n,m
s_e_b_a_s_t_i_a_n,m
h_a_k_e_e_m,m
y_e_t_t_a,f
c_a_r_m_i_n_e,m
r_o_d_r_i_c_k,m
c_h_i_n,m
b_e_v_e_r_l_e_y,f
l_a_n_n_i_e,m
s_h_a_n_i_t_a,f
f_l_o_n_n_i_e,f
s_t_e_w_a_r_d,m
m_a_r_i_e_l,f
c_r_a_i_g,m
d_e_s_t_a_n_y,f
s_h_e_l_b_y,m
e_r_a_s_m_u_s,m
d_o_m_i_n_i_k,m
z_a_d_a,f
e_m_m_e_t,m
v_i_r_i_d_i_a_n_a,f
h_e_a_t_h_e_r,m
k_a_i_d_e_n,m
f_l_o_r_e_n_t_i_n_o,m
e_v_e_l_y_n,m
s_e_n_a,f
b_u_d_d_y,m
a_d_e_l_l_e,f
t_e_r_a,f
t_i_a_r_a,f
k_i_n_l_e_y,f
j_a_y_d_a_n,m
k_y_r_e_e,m
m_a_n_i_l_a,f
s_e_v_e_r_o,m
z_i_n_a,f
a_l_i_z_e,f
d_e_r_w_i_n,m
m_a_r_t_i_n_a,f
j_a_m_e_e_l,m
a_m_i_y_a,f
r_e_g_i_n_a,f
e_l_e_c_t_a,f
s_a_m_m_i_e,m
c_h_a_n_d_l_e_r,m
a_l_e_e_n_a,f
j_a_n_e_l_l,f
o_c_t_a,f
o_l_i_v_e,m
a_d_i_l_e_n_e,f
o_g_d_e_n,m
m_i_c_a_e_l_a,f
b_o_b,m
d_o_r_e_t_t_a,f
b_a_m_b_i,f
a_r_d_e_l_l,m
k_e_r_r_i_e,f
b_e_r_t_r_a_m,m
h_a_y_l_e_e,f
e_a_r_l,m
m_e_t_t_a,f
m_a_r_y_b_e_l_l_e,f
c_l_a_r_i_n_d_a,f
e_v_o_n_n_e,f
s_y_d_n_e_y,m
j_a_m_a_a_l,m
t_a_m_e_r_a,f
n_i_c_k_o_l_a_s,m
e_s_t_i_e,f
m_a_r_i_u_s,m
e_d_w_a_r_d,m
s_y_l_v_i_a,f
l_o_r_i_n,m
e_f_r_e_n,m
j_e_n_i_f_e_r,f
y_o_l_o_n_d_a,f
s_o_n_n_y,m
d_i_x_o_n,m
a_v_e_r_i_e,f
g_e_o_r_g_i_a_n_n,f
c_h_y_n_a,f
l_i_o_n_e_l,m
g_l_a_d_s_t_o_n_e,m
c_h_e_r_r_e_l_l_e,f
k_a_m_r_e_n,m
k_e_l_i,f
a_m_a,f
y_o_s_h_i_o,m
a_d_e_l_b_e_r_t,m
d_o_r_c_a_s,f
b_o_o_n_e,m
o_n_e_i_d_a,f
s_a_v_i_l_l_a,f
c_a_r_y,m
t_r_i_p_p,m
r_i_l_l_i_e,f
l_o_r_n_e,m
e_l_f_i_e,f
m_i_c_h_e_l_e,m
l_u_i_s,m
s_h_a_r_y_n,f
m_a_t_t,m
l_u_k_e,m
r_e_g_a_n,m
a_l_i_a_n_a,f
m_a_x_w_e_l_l,m
m_o_l_l_y,f
m_a_n_u_e_l,m
w_o_o_d,m
i_n_e_l_l,f
t_r_e_y_v_o_n,m
a_d_a,m
c_o_l_l_i_s,m
b_e_u_l_a,f
o_l_i_n_d_a,f
l_y_n_d_i_a,f
o_d_u_s,m
a_n_d_o_n,m
c_r_a_w_f_o_r_d,m
e_v_e_l_i_n_e,f
p_e_p_p_e_r,f
m_a_d_i_s_e_n,f
j_u_l_i_e_t_t_e,f
g_l_y_n_n,m
i_z_e_t_t_a,f
k_e_n_z_i_e,f
g_l_e_n_d_o_n,m
a_r_d_e_l_i_a,f
m_a_r_g_a_r_e_t_h_a,f
j_o_s_e_f_i_t_a,f
l_y_l_e,m
j_e_a_n_i_e,f
t_r_i_s_h_a,f
l_u_t_i_e,f
e_v_e_r_t,m
h_i_l_d_r_e_d,f
s_y_d_e_l_l,f
w_e_b_s_t_e_r,m
j_a_l_i_s_s_a,f
k_e_n_y_a,m
l_a_t_i_s_h_a,f
n_o_m_a,f
t_a_n_i_y_a,f
r_a_h_s_a_a_n,m
o_d_a,m
j_a_m_i,f
c_o_n_c_h_a,f
k_r_i_s_t_i_n_e,f
a_d_e_l_y_n,f
b_e_n_i_t_a,f
b_r_a_e_l_y_n,f
c_l_e_m_e_n_t_i_n_e,f
w_a_v_e_r_l_y,m
s_u_z_a_n_n_e,f
k_o_b_e,m
f_i_e_l_d_i_n_g,m
d_e_l_l_i_e,f
n_e_l_l_a,f
j_e_m_a_l,m
t_u_c_k_e_r,m
e_d_e_n,m
t_y_r_e_e_k,m
a_l_p_h_o_n_s_u_s,m
j_a_m_y_a,f
a_r_y_a_n_n_a,f
a_r_l_i_n_e,f
j_a_c_k,m
k_a_t_h_y_r_n,f
c_a_e_s_a_r,m
d_a_n_y_e_l_l,f
s_t_a_r,f
d_e_n_n_y,m
g_r_e_t_c_h_e_n,f
c_h_r_i_s_t_e_n_a,f
h_o_b_a_r_t,m
b_r_a_n_d_e_n,m
f_u_m_i_k_o,f
j_e_d,m
l_a_l_l_a,f
c_a_r_l_e_e,f
n_e_l_l_y,f
l_i_l_y_a_n,f
e_d_i_t_h,m
v_a_l_e_n_t_i_n_o,m
j_a_n_i_y_a_h,f
d_o_s_s,m
a_m_a_r_a,f
j_a_n_e_y,f
g_a_b_r_i_e_l,m
m_a_t_i_l_d_e,f
c_o_l_t,m
s_h_i_r_l_e_n_e,f
m_i_s_a_e_l,m
l_l_o_y_d,m
e_s_t_e_s,m
r_y_l_a_n_d,m
e_m_e_r_y,m
m_i_c_h_a_e_l_e,f
j_e_s_s_i_c_a,m
n_i_l_e,m
e_l_f_r_e_d_a,f
j_a_i_l_y_n,f
b_r_a_d_e_n,m
a_l_e_a_h,f
a_d_o_n_i_s,m
e_l_a_m,m
b_e_r_t_r_a_n_d,m
r_u_s_t_y,m
a_r_m_i_d_a,f
w_e_n_d_y,f
j_a_j_u_a_n,m
a_y_d_e_n,m
j_a_c_e,m
o_t_i_s,m
s_q_u_i_r_e,m
a_u_r_o_r_e,f
l_i_l_i_e,f
k_o_l_e,m
c_l_a_u_d_i_u_s,m
f_o_r_r_e_s_t,m
a_l_v_i_e,m
j_e_n_e_l_l_e,f
j_o_s_i_e_p_h_i_n_e,f
j_o_r_d_i_n,f
o_r_l_o,m
m_a_g_n_o_l_i_a,f
d_e_e,m
b_e_l_t_o_n,m
m_a_r_l_e_n_a,f
m_a_f_a_l_d_a,f
d_e_v_o_n,m
a_r_m_a_n,m
m_y_r_l_e,f
b_o_b_b_y_e,f
r_o_s_e_l_y_n,f
a_r_a_m_i_n_t_a,f
a_u_r_t_h_u_r,m
d_i_j_o_n,m
a_n_d_y,m
m_e_l_l_i_s_a,f
l_a_n_e_y,f
a_m_a_r_i,m
r_a_y_a_n,m
t_h_e_o_l_a,f
t_e_n_n_i_l_l_e,f
n_e_o_l_a,f
c_h_e_l_s_e_y,f
v_i_c_e_n_t_e,m
a_l_l_i_e,m
c_h_a_s_e,m
a_n_n_a,m
k_e_n_i_s_h_a,f
b_r_y_a_n_t,m
g_a_r_t_h,m
r_o_s_e_t_t_a,f
c_e_c_e_l_i_a,f
k_i_r_b_y,m
g_e_o_r_g_i_n_e,f
c_o_l_e_m_a_n,m
s_h_a_r_l_e_n_e,f
j_i_n_n_i_e,f
c_i_n_d_y,f
j_u_l_i,f
k_r_i_s,m
p_h_o_e_b_e,f
m_y_r_t_i_s,f
a_l_i_s_a,f
b_r_i_t_n_e_y,f
m_a_r_l_e_y,m
s_u_s_i_e,m
j_a_x,m
k_e_v_e_n,m
j_o_e_t_t_a,f
v_a_d_a,f
d_o_m_e_n_i_c_k,m
a_l_e_x_a_n_d_r_e_a,f
j_i_m,m
j_e_r_o_l_d,m
m_y_r_n_a,f
s_t_e_w_a_r_t,m
m_e_r_l,m
d_e_l_l_e,f
t_i_n_a,m
n_o_n_i_e,f
c_h_a_r_i_s_s_e,f
h_e_d_y,f
t_y_e_s_h_a,f
a_d_a_l_y_n,f
j_a_b_e_z,m
j_a_z_l_y_n,f
d_e_n_i_s_s_e,f
c_a_r_o_l,m
k_o_r_y,m
b_r_i_a,f
o_r_v_i_l_l_e,m
s_a_v_e_r_i_o,m
s_h_a_r_o_n,m
s_h_a_r_r_o_n,f
g_e_n_o,m
c_a_m_p_b_e_l_l,m
m_o_i_s_e_s,m
v_i_v_i_a_n,m
s_a_s_h_a,f
i_r_e_l_a_n_d,f
p_i_n_k_i_e,f
s_c_o_t_t_i_e,m
k_i_e_r_r_a,f
d_a_r_r_i_o_n,m
d_e_b_r_a_h,f
b_a_r_n_a_r_d,m
m_a_r_g_o_t,f
r_o_g_e_r,m
l_y_n_d_s_a_y,f
s_h_e_y_l_a,f
e_t_h_y_l_e,f
s_a_m,m
o_r_l_i_n,m
m_a_x_i_m_u_s,m
d_e_l_i_l_a_h,f
l_a_v_e_r_n_e,m
k_r_i_s_t_a_l,f
s_h_a_n_e_l_l_e,f
w_a_t_s_o_n,m
n_i_l_a,f
t_a_m_a_l_a,f
h_o_m_e_r,m
g_a_r_y,m
r_u_b_e_n,m
w_i_n_o_n_a,f
d_o_n,m
s_y_l_v_a_n_i_a,f
o_t_a,f
l_a_v_i_n_a,f
m_a_t_h_i_a_s,m
e_s_c_o,m
m_a_l_l_o_r_y,f
b_e_c_k_y,f
h_e_n_r_i,m
d_a_r_i_a_n,m
p_a_g_e,m
r_a_s,m
m_a_r_t,m
e_l_i_s_h_a,m
w_i_l_l_i_e_m_a_e,f
e_m_i_l_e,m
c_h_r_i_s_t,m
m_o_n_t_y,m
t_o_m_m_y,m
l_e_v_i_n_a,f
d_e_n_t_o_n,m
e_l_d_a,f
t_o_n_y_a,f
l_i_n_d_a,m
j_o_s_e_f_i_n_a,f
k_i_a_r_r_a,f
i_s_a_a_c,m
o_r_v_e_l,m
m_a_r_e_l_i,f
g_i_b_s_o_n,m
o_p_h_e_l_i_a,f
j_u_d_y_t_h,f
o_l_e_t_a,f
m_a_n_d_y,f
m_e_r_r_i_l_e_e,f
y_a_s_m_i_n_e,f
b_r_e_t,m
j_a_i_d_e_n,m
i_n_g_a,f
c_l_o_y_d,m
a_l_l_y_s_o_n,f
t_e_n_i_k_a,f
d_e_r_e_o_n,m
m_a_r_v_e_l,f
b_e_l_v_a,f
f_a_t_i_m_a,f
f_i_n_l_e_y,m
i_s_a_b_e_l,f
i_z_a,f
p_e_a_r_l,m
b_e_n_n_y,m
p_h_i_l_l_i_p,m
c_l_e_m_m_a,f
d_e_m_a_r_i_o,m
d_i_a_n_n,f
s_a_r_a,f
s_k_y_l_a_r,m
q_u_i_n_t,m
b_e_r_n_i_e,m
d_e_j_u_a_n,m
m_a_r_g_a_r_e_t,m
j_o_n_e_l_l,f
c_r_i_s_t_e_n,f
w_e_l_l_s,m
a_l_f_r_e_d_o,m
d_e_r_e_c_k,m
m_i_n_a,f
b_r_a_n_c_h,m
k_y_l_a,f
d_i_a_n_n_a,f
b_e_l_e_n,f
h_e_t_t_i_e,f
b_l_a_i_n,m
c_a_r_r_o_l,m
s_c_a_r_l_e_t_t,f
l_a_i_l_a,f
k_a_y_l_i,f
l_y_n_e_t_t_e,f
m_a_r_i_o_n,m
b_i_l_l_i_e,m
l_i_l_l_i_a_n,m
k_a_r_e_l,f
m_a_l_c_o_l_m,m
c_a_r_l_e_i_g_h,f
s_h_a_q_u_i_l_l_e,m
t_a_l_i_a,f
h_y_r_u_m,m
r_o_b_i_n,m
j_e_f_f_i_e,m
k_a_r_i_e,f
m_a_l_l_o_r_i_e,f
e_d_m_o_n_i_a,f
s_h_e_r_i,f
h_e_z_e_k_i_a_h,m
v_e_r_n_e,m
e_m_m_o_n_s,m
a_l_p_h_e_u_s,m
m_a_t_h_e_w_s,m
t_r_i_s_t_i_n,m
c_l_a_r_i_s_a,f
s_h_a_n_n_o_n,m
a_d_e_l_l,f
e_d_d_y,m
l_u_l_a_h,f
m_i_l_l_y,f
c_h_a_s,m
k_a_r_o_l_y_n,f
b_u_r_k_e,m
g_i_n_n_y,f
c_o_r_n_e_l_l,m
a_n_n_a_b_e_l_l,f
m_a_n_i_e,f
h_o_k_e,m
c_a_i_t_l_y_n_n,f
r_i_s_h_i,m
h_e_r_v_e_y,m
l_a_n_d_i_n,m
e_r_v_i_n,m
l_i_l_a,f
c_o_d_e_y,m
s_t_e_v_e_n,m
j_u_s_t_i_n,m
g_e_n_e_s_i_s,f
m_i_s_s_i_e,f
k_o_r_d_e_l_l,m
m_e_t_a,f
k_a_n_e_s_h_a,f
g_a_s_t_o_n,m
e_r_l_i_n_e,f
m_a_u_d,m
d_a_m_e_o_n,m
i_v_i_e,f
l_e_v_o_n,m
r_u_t_h_e_r_f_o_r_d,m
c_l_a_i_b_o_r_n_e,m
d_r_u_c_i_l_l_a,f
l_u_v_i_n_i_a,f
b_r_o_d_i_e,m
g_a_b_r_i_e_l_l_a,f
t_a_h_j,m
m_a_r_i,f
k_a_e_l,m
t_a_m_y_a,f
l_u_c_i_o_u_s,m
m_a_r_i_c_e_l_a,f
g_l_e_n_w_o_o_d,m
k_i_a_n,m
d_e_v_a_n,m
k_e_i_t_h,m
e_l_g_i_n,m
o_l_g_a,f
a_l_e_x_i_s,m
w_a_y_m_o_n,m
j_o_r_d_a_n,m
l_i_l_l_i_a,f
b_a_i_l_e_y,m
m_a_b_e_l_l,f
t_a_t_y_a_n_n_a,f
c_a_r_i_n,f
a_d_r_i_e_n,m
f_r_e_d_a,f
c_e_d_r_i_c,m
d_e_c_l_a_n,m
e_n_a,f
c_h_e_r_i,f
t_e_e_l_a,f
m_a_x_i_m_o,m
a_n_t_o_n_y,m
s_a_l_v_a_d_o_r,m
m_a_i_a,f
i_v_y,m
k_a_r_y_l,f
j_a_s_m_i_n_e,m
d_a_r_r_o_n,m
n_i_k_h_i_l,m
m_y_l_e_s,m
m_e_l_a_n_y,f
l_o_r_r_i,f
c_h_e_r_r_y_l,f
n_i_l_e_s,m
a_s_h_l_e_a,f
o_w_e_n,m
e_s_s_e_n_c_e,f
j_a_c_q_u_e_l_i_n,f
d_o_l_l_y_e,f
s_a_v_a_n_a_h,f
r_u_t_h_i_e,f
n_e_l_l_e,f
w_a_v_a,f
r_o_s_e_n_a,f
c_r_i_s_t_i,f
g_a_r_n_e_t,m
a_m_a_l_i_a,f
c_r_e_t_e,f
m_o_d_e_n_a,f
j_a_s_p_e_r,m
h_e_r_m_o_n,m
l_o_n_i,f
k_a_r_i,f
c_h_a_r_m_a_i_n_e,f
n_a_n_c_y,m
m_i_k_a_i_l_a,f
a_m_e_y,f
h_a_y_w_o_o_d,m
r_o_b_y_n,f
s_t_e_f_a_n_i,f
o_p_a_l,m
j_u_l_i_a_n_n_a,f
c_a_n_d_i_d_a,f
m_a_d_l_y_n,f
m_u_r_l,m
d_w_a_n_e,m
j_a_y_l_y_n_n,f
j_a_z_l_e_n_e,f
l_e_x,m
l_u_c_i_e,f
m_a_r_k,m
m_i_n_e_r_v_i_a,f
l_o_v_i_s_a,f
l_i_n_z_y,m
l_u_c_i_a_n,m
r_a_h_e_e_m,m
a_l_v_e_r_d_a,f
e_l_m_a,f
k_a_r_e_n,m
o_r_p_h_a,f
e_l_v_i_a,f
l_e_s_l_e_e,f
h_e_r_m_a,f
m_a_r_c_e_l_o,m
a_n_g_e_l_e,f
r_o_s_e_a_n_n,f
a_l_i_c_e,m
b_a_b_e_t_t_e,f
i_c_i_e,f
l_a_y_n_e,m
k_a_t_e_r_i_n_a,f
e_l_e_a_s_e,f
m_e_a_g_a_n,f
c_h_a_n_e_l,f
g_a_r_r_e_t_t,m
g_w_e_n,f
k_e_e_n_a,f
r_a_q_u_e_l,f
a_l_v_a_r_o,m
l_i_n_k,m
c_y_d_n_e_y,f
n_i_k_k_o,m
c_a_l_e_i_g_h,f
a_d_a_l_i_n_e,f
s_h_e_l_b_i_e,f
c_o_r_d_e_r_o,m
a_l_e_k,m
c_l_o_r_a,f
d_a_l_l_i_n,m
a_u_d_r_a,f
m_a_r_i_l_o_u,f
h_u_n_t_e_r,m
t_e_m_p_i_e,f
a_s_p_e_n,f
b_y_r_o_n,m
l_a_u_r_e_e_n,f
t_e_s_s_i_e,f
j_a_c_q_u_e_l_y_n,f
r_a_c_q_u_e_l,f
e_l_d_e_n,m
a_n_w_a_r,m
m_a_r_i_o,m
a_l_y_s_i_a,f
n_o_r_m_a_n_d,m
n_e_w_t_o_n,m
n_e_t_t_a,f
d_w_a_i_n,m
p_a_n_s_y,f
t_o_r_e_y,m
l_a_t_a_s_h_a,f
r_o_w_e_n_a,f
m_a_r_g_a_r_i_t_a,f
s_i_m_p_s_o_n,m
t_y_r_e_k,m
t_o_s_h_i_k_o,f
e_v_e,f
f_a_e,f
s_i_e_r_r_a,f
d_w_i_g_h_t,m
p_r_i_s_c_i_l_l_a,f
t_h_e_d_a,f
l_u_l_u,f
a_m_b_r_o_s_e,m
k_i_y_a,f
e_m_m_y,f
r_u_b_i_e,f
h_o_l_l_y,m
b_r_a_n_t,m
a_l_l_e_n_a,f
r_o_x_a_n_e,f
g_a_v_y_n,m
d_a_r_l_e_n_e,f
n_e_l_d_a,f
l_e_e,m
s_h_a_n_t_e_l,f
j_o_l_i_e,f
w_y_n_o_n_a,f
m_i_n_d_i,f
n_a_n_n_e_t_t_e,f
j_a_l_i_y_a_h,f
m_a_r_c_e_l_a,f
t_y_r_e_l,m
g_e_o_r_g_e_a_n_n,f
d_e_r_r_e_k,m
e_v_a_l_i_n_e,f
j_a_y_l_y_n,f
g_r_e_t_a,f
r_o_w_a_n,m
c_h_a_r_l_o_t_t_i_e,f
m_a_d_e_l_y_n_n,f
m_i_c_h_e_l,m
c_o_r_n_e_l,m
j_u_l_i_a,m
b_r_i_o_n_n_a,f
e_l_d_r_i_d_g_e,m
c_a_t_h_y,f
e_a_r_t_h_a,f
o_c_i_e,m
v_e_r_l_a,f
l_e_w,m
t_o_l_b_e_r_t,m
l_y_n_n,m
b_a_r_r_y,m
a_r_t_h_o_r,m
w_i_n_s_t_o_n,m
n_o_e_l_i_a,f
r_y_l_e_i_g_h,f
w_e_n_z_e_l,m
t_a_l_i_y_a_h,f
j_i_m_e_n_a,f
e_a_r_l_e,m
l_o_i_s,m
i_v_a_n_a,f
a_d_r_o_n,m
q_u_i_a_n_a,f
n_o_e_m_i_e,f
j_o_s_s_i_e,f
r_a_u_l,m
a_l_b_i_n_a,f
m_a_t_i_l_d_a,f
t_y_s_o_n,m
a_r_l_i_e,m
e_b_e_r,m
n_i_c_h_e_l_l_e,f
s_h_a_r_i,f
p_r_e_n_t_i_s_s,m
g_w_y_n_e_t_h,f
b_a_r_t_l_e_y,m
r_i_t_a,f
d_e_m_e_t_r_i_a,f
m_a_r_s_h_a_l_l,m
l_e_x_i_e,m
p_r_u_d_i_e,f
e_l_i_g_a_h,m
r_o_n_a,f
m_a_r_g_r_e_t_t,f
b_l_a_i_n_e,m
g_r_a_c_e,m
c_o_l_b_y,m
k_e_i_l_a,f
c_o_n_l_e_y,m
s_h_e_r_i_t_a,f
c_a_s_i_m_i_r,m
e_b_b_i_e,m
k_a_e_l_y_n,f
d_a_y_s_e,f
i_o_l_a,f
b_i_l_l_y,m
s_h_a_r_d_e,f
d_e_m_i_a_n,m
k_e_a_r_a,f
e_s_m_e_r_a_l_d_a,f
m_a_d_a_l_y_n_n,f
s_y_l_v_e_s_t_e_r,m
s_a_m_p_s_o_n,m
j_a_m_e_y,m
t_e_r_e_n_c_e,m
e_l_s_e,f
m_o_n_a,f
n_e_i_l,m
b_e_t_t_i_e,f
t_a_n_i_y_a_h,f
l_a_m_o_n_t_e,m
a_n_a_t_o_l_e,m
k_a_t_h_y,f
a_r_a_b_e_l_l_a,f
c_a_s_o_n,m
k_a_s_e_n,m
h_a_y_e_s,m
l_o_r_i_n_d_a,f
m_a_h_a_l_a,f
k_a_s_a_n_d_r_a,f
k_a_i_l_e_e,f
c_r_i_s_t_o_p_h_e_r,m
j_o,f
c_a_r_s_e_n,m
r_e_u_b_i_n,m
m_i_s_t_y,f
m_e_r_t_i_e,f
c_l_e_o_n,m
r_o_e,m
r_e_m_i_n_g_t_o_n,m
g_i_a_n_n_i,m
d_e_l_f_i_n_a,f
s_a_l_v_a_t_o_r_e,m
r_a_y_m_u_n_d_o,m
r_e_s_s_i_e,f
t_e_r_r_e_n_c_e,m
w_a_r_r_e_n,m
y_u_l_i_s_s_a,f
k_a_m_d_e_n,m
d_e_s_h_a_w_n,m
w_e_s_t,m
s_a_r_i_t_a,f
j_e_s_s_i_k_a,f
i_r_l,m
b_i_n_a,f
b_r_i_t_t_a_n_e_y,f
s_a_n_d_i,f
v_i_c_t_o_r_i_n_e,f
d_e_a_n_d_r_a,f
s_o_p_h_r_o_n_i_a,f
h_e_l_e_n_a,f
h_a_r_l_a_n_d,m
s_h_a_t_a_r_a,f
s_h_a_r_l_e_e_n,f
g_e_r_a_l_d,m
c_h_e_y_a_n_n_e,f
n_o_r_w_o_o_d,m
e_d_a,f
e_s_t_e_l_l_e,f
r_i_y_a,f
a_r_d_i_t_h,f
l_e_s_s,m
r_e_b_e_k_a_h,f
h_a_r_r_y,m
r_o_x_i_e,f
l_e_a_h,f
l_a_w_t_o_n,m
j_a_m_a_r_c_u_s,m
m_y_k_e_l,m
m_e_l_i_s_s_i_a,f
k_e_n_y_o_n,m
r_o_n_a_n,m
n_e_v_i_n,m
f_l_o_r_i_d_a,f
m_i_c_h_a_e_l_a,f
d_o_v_i_e,f
k_o_n_n_o_r,m
d_i_c_i_e,f
f_i_n_n_e_g_a_n,m
l_o_l_l_i_e,f
w_i_n_d_e_l_l,m
k_e_l_l_e_y,m
j_o_c_e_l_y_n_e,f
l_o_r_i_a_n_n,f
e_r_y_n,f
j_a_s_i_a_h,m
j_a_i_r_o,m
m_a_u_r_y,m
h_a_r_m_o_n_y,f
c_a_r_l_e_t_o_n,m
j_a_y_v_o_n,m
n_o_h_e_l_y,f
e_m_o_g_e_n_e,f
w_i_l_l_i_a,f
m_a_g_g_i_e,m
m_a_n_n_i_e,m
m_o_n_i_c_a,f
t_r_e_s_s_i_e,f
c_a_t_a_l_i_n_a,f
c_r_i_s,m
l_u_r_e_n_a,f
s_p_u_r_g_e_o_n,m
a_n_y_a,f
g_e_o_r_g_e_t_t_a,f
o_c_t_a_v_i_e,f
b_r_i_t_t_n_e_y,f
c_o_r_d_a_r_o,m
i_c_e_y,f
i_z_a_i_a_h,m
a_m_e_r_i_g_o,m
a_u_g_u_s_t_a,m
l_o_r_e_t_t_a,f
a_d_e_l_e,f
t_a_m_b_r_a,f
z_o_n_a,f
h_e_n_e_r_y,m
j_e_a_n_e_t_t_a,f
g_a_r_l_a_n_d,m
t_o_r_y,m
m_i_n_d_a,f
l_a_n_a,f
c_i_j_i,f
a_u_r_i_l_l_a,f
m_a_r_l_i_e,f
g_l_a_d_y_c_e,f
g_r_e_c_i_a,f
j_a_m_e,m
p_h_y_l_i_s_s,f
r_i_c_k_y,m
l_o_t_t,m
m_i_k_a_l_a,f
p_i_n_k_e_y,f
a_g_a_t_h_a,f
e_l_g_i_e,m
g_i_l_m_a_n,m
m_a_r_c_i_e,f
j_a_y_l_o_n,m
a_u_d_y,m
t_r_a_c_e_y,m
r_u_b_i_n,m
s_a_v_a_n_n_a_h,f
c_h_a_r_l_a,f
b_e_v_e_r_l_e_e,f
a_r_l_i_n_g_t_o_n,m
m_o_l_l_i_e,f
a_n_i_s_s_a,f
y_a_r_i_t_z_a,f
s_u_m_n_e_r,m
t_a_y_l_a,f
e_u_s_t_a_c_e,m
j_u_l_i_a_n_n_e,f
s_c_o_t_t,m
d_r_a_v_e_n,m
a_n_g_e_l_i_n_a,f
t_r_i_s_t_a,f
k_a_r_l_i_e,f
j_a_s_e_n,m
t_o_m_a,m
a_l_l_i_s_s_o_n,f
t_r_i_s_t_o_n,m
r_o_y_c_e,m
m_o_n_n_i_e,f
a_s_i_a,f
s_h_a_y_n_a,f
h_u_e_y,m
c_l_a_u_d_i_a,f
m_i_g_u_e_l,m
c_a_l_i,f
d_e_i_d_r_e,f
z_o_l_l_i_e,m
v_e_r_s_i_e,f
d_a_m_a_r_i_o_n,m
c_o_l_o_n_e_l,m
e_l_l_e_n,m
m_e_a_g_h_a_n,f
d_o_r_t_h_a,f
j_e_s_e_n_i_a,f
e_l_z_a,m
c_h_e_r_r_i,f
p_a_l_m_a,f
e_l_e_n_i,f
d_o_r_i_n_e,f
b_e_r_r_y,m
b_r_i_d_g_e_r,m
a_i_l_i,f
d_i_o_n_n_e,f
i_l_d_a,f
t_a_u_r_e_a_n,m
p_r_e_s_t_o_n,m
a_y_a_n_a,f
r_o_b,m
o_r_s_o_n,m
c_a_r_l_i_s_l_e,m
m_o_r_r_i_s,m
j_a_h_e_i_m,m
a_n_a_i_s,f
s_t_a_n_f_o_r_d,m
g_r_a_h_a_m,m
t_a_t_y_a_n_a,f
j_o_v_a_n,m
j_e_n_s,m
a_v_i_e,f
b_e_n_j_m_a_n,m
g_a_y_l_e,m
z_i_g_m_u_n_d,m
k_y_r_a,f
w_a_r_n_e_r,m
f_r_e_d_e_r_i_c_a,f
t_r_e_a_s_u_r_e,f
n_o_r_i_n_e,f
t_e_e_n_a,f
o_r_r_i_n,m
f_a_i_t_h,f
c_i_c_e_l_y,f
k_y_l_a_n,m
a_m_i_r,m
a_r_o_n,m
l_e_o_n_e_l,m
a_n_a,f
r_o_s_e_y,f
j_e_r_i,f
c_h_a_c_e,m
l_e_a_t_h_a,f
y_a_s_m_i_n,f
d_o_r_e_n_e,f
m_e_r_y_l,f
a_l_z_i_n_a,f
s_h_a_r_i_f,m
b_l_a_n_c_h_e,m
g_i_a_n_n_a,f
j_e_n_n_i_f_f_e_r,f
e_r_i_c_k,m
h_o_p_e,m
c_a_r_i,f
m_a_k_e_n_a,f
s_a_b_l_e,f
k_a_i_y_a,f
s_h_a_n_i_q_u_a,f
m_a_y_o,m
a_m_i_a_h,f
s_a_d_e,f
l_i_l_i_a,f
s_i_g_r_i_d,f
b_i_r_t_i_e,f
c_a_r_l_a,f
j_a_i_m_i_e,m
l_a_r_a,f
m_e_l_b_a,f
s_h_e_l_v_a,f
a_l_a_n_z_o,m
g_i_a_n_c_a_r_l_o,m
r_y_l_e_y,m
a_u_g_u_s_t_e,m
l_o_t_t_a,f
s_a_n_i_y_a_h,f
a_n_t_o_i_n_e,m
m_e_l_i_s_s_a,m
h_e_r_m_i_n_a,f
n_i_c_o_l_a,f
a_u_b_r_e_e,f
o_w_e_n_s,m
g_i_n_g_e_r,f
c_h_e_t,m
c_l_e_v_i_e,f
e_l_y_s_e,f
c_i_c_e_r_o,m
c_a_t_h_i,f
z_a_i_d,m
a_m_y,m
c_l_e_m_e_n_t_i_n_a,f
m_e_l,m
d_a_n_n_y,m
d_e_m_e_t_r_i_c,m
w_a_n_d_a,f
e_l_i_e,m
c_a_s_h,m
w_a_r_d_e_l_l,m
g_a_l_i_l_e_a,f
a_n_t_o_n_e,m
a_r_v_o,m
c_h_r_y_s_t_a_l,f
j_e_r_o_m_y,m
i_n_g_e_r,f
c_h_i_m_e_r_e,f
t_e_r_r_i,f
n_i_c_k_l_a_u_s,m
j_o_h_n_s_o_n,m
c_a_d_d_i_e,f
w_i_l_l_y,m
f_o_s_t_e_r,m
i_n_g_r_a_m,m
b_i_s_h_o_p,m
k_e_s_h_a_u_n,m
l_e_i_a,f
k_e_l_s_e_y,m
n_a_y_e_l_i,f
o_s_b_a_l_d_o,m
s_h_a_e,f
c_a_d_e,m
c_h_a_n_t_e_l_l_e,f
v_i_c_k,m
d_o_c_i_a,f
c_l_e_l_l_a,f
l_a_t_i_f_a_h,f
c_a_s_i_e,f
f_r_i_d_a,f
m_a_r_t_i_k_a,f
s_h_e_l_l_i_e,m
j_a_y_d_a,f
w_i_l_b_u_r,m
z_e_n_a,f
s_h_e_l_v_i_a,f
d_e_d_r_i_c_k,m
c_h_r_i_s_t_y,m
a_s_h_l_i,f
j_e_r_r_i,f
m_e_n_a_c_h_e_m,m
g_e_r_o_l_d,m
k_i_r_a,f
j_e_n_n_i_f_e_r,m
c_a_r_m_e_l_o,m
g_i_l_l_i_e,f
g_i_d_e_o_n,m
f_r_e_d_e_r_i_c_k_a,f
m_a_r_g_a_r_e_t_t_e,f
b_e_r_d_i_e,f
e_d_y_t_h,f
k_e_l_l_i_e,f
d_e_s_m_o_n_d,m
t_y_r_o_n,m
d_e_b_b_y,f
p_a_s_c_a_l,m
s_h_e_n_a,f
p_e_r_c_y,m
m_y_r_o_n,m
d_u_a_n_e,m
l_e_n_a,m
j_e_v_o_n,m
e_r_n_s_t,m
j_a_n_i_c_e,m
l_e_n_o_r_e,f
h_a_r_l,m
n_i_c_o_l_e_t_t_e,f
k_e_v_o_n,m
s_u_z_e_t_t_e,f
w_a_y_d_e,m
l_e_s_s_i_e,m
d_o_n_d_r_e,m
s_i_n_d_a,f
a_d_y_s_o_n,f
s_h_a_r_d_a_y,f
m_i_l_d_r_e_d,m
k_i_z_z_y,f
r_i_c_c_i,m
b_a_k_e_r,m
c_a_r_m_e_l_l_a,f
f_r_i_t_z,m
r_a_m_s_e_y,m
e_s_l_e_y,m
y_a_a_k_o_v,m
b_r_a_n_d_e,f
b_i_r_d_i_e,f
b_e_n_n_e_t_t,m
c_a_m_i_l_l_e,m
v_e_d_a,f
m_o_i_r_a,f
m_a_i,f
a_r_r_a,f
b_a_r_b_r_a,f
j_u_l_i_o,m
b_e_r_n_h_a_r_d,m
h_a_s_a_n,m
i_m_e_l_d_a,f
e_m_i_t,m
t_h_e_r_e_s_a,f
t_r_a_c_e,m
d_e_n_i_c_e,f
n_e_p_p_i_e,f
l_a_n_d_y_n,m
c_l_a_y_t_o_n,m
h_i_r_o_s_h_i,m
a_l_a_n_a,f
b_u_t_c_h,m
c_h_a_n_i_e,f
p_e_t_r_a,f
j_o_r_y,m
v_i_v_i_e_n,f
c_o_r_a_l_i_e,f
d_a_r_r_y_l_l,m
m_a_r_i_s_a,f
j_u_n_i_u_s,m
c_u_r_t_i_s_s,m
y_a_d_i_r_a,f
c_a_r_o_l_y_n_e,f
c_a_m_r_e_n,m
d_e_v_a_n_t_e,m
m_a_x_i_m_i_l_l_i_a_n,m
g_e_o_f_f,m
e_b_e_n_e_z_e_r,m
a_b_b_i_e,m
r_e_y_e_s,m
l_i_l_l_i_a_n_n_a,f
s_h_a_d,m
t_o_m,m
j_a_r_e_n,m
l_e_i_t_h_a,f
t_a_l,m
y_u_s_u_f,m
j_a_r_o_d,m
b_r_i_t_t_n_i_e,f
r_o_s_w_e_l_l,m
d_o_m_e_n_i_c_a,f
s_h_a_w_n_d_a,f
a_r_d_e_n,m
l_i_d_d_i_e,f
m_e_r_l_i_n,m
g_a_y_l_a,f
m_i_l_l_i_c_e_n_t,f
l_a_r_k_i_n,m
a_l_e_e_n,f
c_a_t_o,m
d_e_s_t_i_n_e_y,f
z_e_c_h_a_r_i_a_h,m
r_h_o_n_d_a,f
o_l_e_n,m
k_e_y_l_a,f
c_h_r_i_s_t_a,f
j_a_c_o_b_y,m
h_i_l_l_e_r_y,m
c_o_r_i_n_a,f
e_l_e_a_n_o_r_a,f
m_a_r_k_e_l_l,m
i_m_o_g_e_n_e,f
c_h_e_r_i_e,f
o_l_i_v_i_n_e,f
b_e_r_t_i_n_a,f
m_a_n_u_e_l_a,f
j_a_c_q_u_e_l_i_n_e,f
h_e_r_l_i_n_d_a,f
a_r_l_y_n,m
d_o_m_e_n_i_c_o,m
a_m_i_y_a_h,f
r_h_y_s,m
b_i_l_l_y_e,f
h_a_l_e_i_g_h,f
e_l_z_y,m
m_o_s_s_i_e,f
l_e_a_f_y,f
d_a_v_i_s,m
a_r_r_i_e,f
p_e_a_r_l_e_y,m
a_s_h_b_y,m
s_u_s_a_n_a,f
a_f_t_o_n,f
b_e_a_u,m
d_e_r_i_c_k,m
n_e_w_e_l_l,m
b_e_n,m
g_u_n_n_a_r,m
s_h_a_w_n_e_e,f
e_l_l_i_s,m
w_i_n_t_o_n,m
a_r_l_e_y,m
a_r_t_h_e_r,m
e_l_d_e_r,m
b_o_o_k_e_r,m
h_a_r_t,m
g_i_l_f_o_r_d,m
r_a_n_d_a_l,m
i_v_o_n_n_e,f
d_a_i_j_a_h,f
j_a_n_n_a,f
h_u_d_s_o_n,m
m_a_k_a_y_l_a,f
p_h_y_l_i_c_i_a,f
a_s_b_u_r_y,m
s_y_m_o_n_e,f
j_e_r_i_l_y_n_n,f
j_o_s_e_p_h_i_n_e,m
a_u_t_u_m_n,f
l_u_m,m
n_a_y_e_l_y,f
n_e_a_l_i_e,f
d_e_v_o_n_t_a,m
f_e_r_r_i_s,m
l_e_m_m_a,f
j_o_s_i_a_h,m
t_o_r_r_a_n_c_e,m
m_a_u_d_e,m
b_r_e_n_d_o_n,m
n_o_r_m_a,f
z_e_l_d_a,f
i_d_a_m_a_e,f
a_d_d_i_s_o_n,m
s_o_l_o_n,m
n_a_t_h_a_n,m
c_o_l_l_i_e,m
m_a_y_m_i_e,f
c_l_e_o,m
a_u_t_r_y,m
b_r_i_t_t_n_a_y,f
i_k_e,m
s_h_e_r_r_i_l_l,m
b_o_s_e,m
m_a_r_r_i_o_n,m
n_a_t_o_s_h_a,f
k_a_t_h_e_r_i_n_e,m
l_i_s_l_e,m
t_r_e_n_t_o_n,m
m_y_r_l,m
e_l_i_z_e_b_e_t_h,f
e_d_r_i_e,f
g_i_l_b_e_r_t,m
l_e_v_e_r_n,m
c_a_r_a,f
b_o_y_d,m
z_a_d_i_e,f
r_y_a_n,m
a_l_t_a,m
d_o_r_m_a_n,m
l_a_h_o_m_a,f
d_e_l_a_n_e_y,f
h_u_g_h_i_e,m
d_a_m_o_n_d,m
s_u_e_l_l_e_n,f
k_e_n_d_r_i_c_k,m
j_e_w_e_l_l,m
g_u_s,m
o_l_y_m_p_i_a,f
l_e_v_i_n,m
g_u_i_l_l_e_r_m_o,m
e_l_v_a,m
j_o_l_e_n_e,f
m_a_d_o_n_n_a,f
m_a_b_e_l_l_e,f
m_a_r_i_s_e_l_a,f
h_o_n_o_r_a,f
a_a_r_o_n,m
t_o_r_i_a_n_o,m
o_s_c_a_r,m
m_e_l_o_d_e_e,f
d_o_r_t_h_y,f
j_o_s_e_p_h_u_s,m
j_a_n_e_s_s_a,f
m_a_d_i_s_y_n,f
t_a_y_a,f
d_o_s_h_a,f
d_a_n_e_e_n,f
m_y_r_a_n_d_a,f
r_o_l_l_i_n,m
m_a_l_i_n_d_a,f
s_t_e_v_i_e,m
d_a_r_r_e_l,m
i_l_i_a_n_a,f
d_a_v_y,m
c_o_r_e_n_e,f
o_d_d_i_e,m
a_l_y_v_i_a,f
m_a_t_h_e_w,m
m_a_r_e_n,f
b_i_d_d_i_e,f
e_d_y_t_h_e,f
g_r_e_g_o_r_i_o,m
f_r_e_d_r_i_c_k,m
d_o_m_o_n_i_q_u_e,m
c_i_a_r_r_a,f
o_n_e_a_l,m
k_a_d_e,m
a_r_s_e_n_i_o,m
m_e_l_i_n_a,f
c_h_a_n_d_r_a,f
y_o_s_e_f,m
e_l_i_z_a_b_e_t_h,m
s_h_e_i_l_a_h,f
k_a_m_a_r_i,m
e_l_l_e_r,f
b_e_r_y_l,m
d_e_w_e_y,m
c_h_e_s_l_e_y,m
c_l_e_m_e_n_s,m
w_i_l_l_a_m,m
g_a_y,m
m_a_t_e_o,m
b_r_i_c_e,m
b_e_c_k_i_e,f
h_a_i_l_i_e,f
h_a_r_r_i_e_t,f
t_o_r_r_i_e,f
m_i_l_f_o_r_d,m
g_a_e_l,m
q_u_e_n_t_i_n,m
j_o_a_n_n,f
g_u_y,m
m_e_l_l_i_e,f
l_u_c_e_t_t_a,f
z_e_n_a_s,m
k_a_s_s_i_e,f
a_l_y_c_e,f
b_r_i_a_n_d_a,f
k_y_s_o_n,m
j_o_e_l_l,f
g_i_a,f
l_o_l_a,m
m_a_r_g_y,f
p_a_t_i_e_n_c_e,f
c_i_l_l_a,f
m_a_d_g_e,f
c_o_l_e_e_n,f
m_a_c,m
r_e_y_n_a_l_d_o,m
a_l_l_e_n_e,f
g_r_a_n_t,m
c_o_n_n_i_e,m
a_d_r_i_a_n_e,f
m_o_n_t,m
a_r_n_o,m
a_m_m_i_e,f
m_a_r_q_u_i_s_e,m
p_a_r_a_l_e_e,f
d_o_r_t_h_e_y,f
a_b_b_o_t_t,m
o_l_l_i_e,m
w_o_r_t_h,m
e_r_i_c,m
s_h_a_w_n_a,f
e_l_v_i_e,m
s_h_y_a_n_n,f
m_a_r_i_e_t_t_a,f
a_d_r_i_a_n,m
l_i_l_y,f
e_r_i_e,m
m_a_s_a_k_o,f
r_o_m_a,m
h_a_n_s,m
b_e_t_t_i_n_a,f
a_l_e_x_a_n_d_r_o,m
o_l_i_v_a,f
b_y_r_d,m
r_e_a_n_n_a,f
l_o_u_r_d_e_s,f
h_a_r_r_i_s,m
e_a_r_l_y,m
c_l_a_r_e,m
m_a_x_i_e,m
c_h_a_d_r_i_c_k,m
h_e_r_m_a_n_n,m
m_a_c_y,f
r_e_n_e_e,f
m_a_y_e,f
m_a_r_o_l_y_n,f
b_o_n_n_y,f
b_r_e_n_n_o_n,m
o_l_a_f,m
r_a_c_h_e_l,m
o_r_i_o_n,m
m_e_t_h_a,f
k_i_l_l_i_a_n,m
j_o_s_l_y_n,f
k_a_t_h_l_e_e_n,m
e_a_s_t_o_n,m
b_r_a_n_d_t,m
f_r_a_n_k_i_e,m
r_h_i_a_n_n_a,f
a_d_e_n,m
s_h_a_v_o_n,f
m_a_r_v_i_n,m
n_a_n_c_i,f
s_u_s_a_n_n_a_h,f
j_e_r_e_m_i_e,m
p_e_a_r_l_i_e,m
e_a_t_h_e_l,f
g_u_s_s,m
w_a_l_l_a_c_e,m
h_o_y,m
m_a_s_o_n,m
d_a_n_i_e_l,m
z_a_y_n_e,m
f_l_o_r_e_n_c_i_o,m
a_r_l_a_n_d,m
j_e_r_r_e_l_l,m
f_i_s_h_e_r,m
s_u_s_s_i_e,f
f_a_y,m
a_l_i_y_a,f
a_d_o_l_f_o,m
l_e_r_o_y,m
a_t_h_a,m
s_h_a_n_n_a,f
h_u_g_o,m
v_a_l_l_i_e,f
a_m_o_n,m
f_r_a_n_c_i_s,m
s_h_a_m_e_k_a,f
c_l_a_i_r_e,m
a_l_a_y_n_a,f
m_a_d_e_l_e_i_n_e,f
s_i_e_n_a,f
l_i_z_e_t_t_e,f
d_a_r_i_n,m
s_o_n_d_r_a,f
r_e_t_t_a,f
j_a_s_m_y_n_e,f
a_l_y_c_i_a,f
a_l_e_x_y_s,f
k_e_i_f_e_r,m
k_a_r_e_e_n,m
k_e_n_n_e_d_i,f
s_h_e_l_b_a,f
l_e_x_u_s,f
d_e_w_a_r_d,m
b_e_n_j_a_m_i_n,m
s_c_o_t_t_y,m
d_o_m_i_n_g_o,m
j_e_f_f_r_y,m
d_a_x_t_o_n,m
b_r_i_g_e_t_t_e,f
a_u_g_u_s_t_u_s,m
j_e_r_a_m_y,m
a_l_e_x_a_n_d_r,f
k_a_y_d_e_n,m
c_a_r_o_l_y_n_n,f
s_t_e_p_h_e_n_i_e,f
c_o_r_l_i_s_s,f
c_a_d_e_n_c_e,f
a_d_o_l_f,m
l_i_l_l_a_r_d,m
e_u_g_e_n_i_e,f
d_e_e_a_n_n,f
j_e_a_n_m_a_r_i_e,f
m_a_d_e_l_e_n_e,f
j_a_c_q_u_e_z,m
n_a_t,m
c_a_r_t_e_r,m
d_a_r_n_e_l_l,m
j_o_h_n_n_a,f
d_a_n_i_c_a,f
h_a_y_s,m
j_o_d_i,f
r_o_z_a_n_n_e,f
t_a_m_i_c_a,f
s_a_m_i_r,m
j_a_s_o_n,m
l_o_r_e_a_n,f
u_l_a,f
r_e_d_m_o_n_d,m
m_a_t_i_a_s,m
r_o_b_b_i_e,m
v_e_r_o_n_a,f
d_o_r_e_e_n,f
r_u_f_f_u_s,m
a_r_c_h_e_r,m
t_a_l_o_n,m
k_h_a_l_i_d,m
c_a_p_r_i_c_e,f
h_a_n_a,f
a_r_m_s_t_e_a_d,m
a_n_t_i_o_n_e,m
l_a_t_r_i_c_i_a,f
b_u_r_k,m
t_y,m
l_i_z_z_i_e,m
b_r_a_y_a_n,m
s_h_a_n_e_l_l,f
n_a_l_l_e_l_y,f
h_e_r_s_c_h_e_l,m
c_o_l_l_e_e_n,f
v_a_l_e_n_t_i_n_a,f
l_e_o_n_a_r_d,m
k_i_m_b_e_r_l_e_y,f
d_o_r_i_a_n,m
o_r_i_e,m
y_a_e_l,m
h_o_r_t_e_n_s_e,f
i_g_n_a_t_z,m
s_t_e_p_h_a_n,m
a_l_e_n_a,f
k_a_r_l,m
a_l_l_e_n,m
r_a_m_i_r_o,m
a_u_r_a,f
m_u_h_a_m_m_a_d,m
t_o_r_r_y,m
f_e_l_i_c_i_t_y,f
s_t_a_n_l_e_y,m
p_i_p_e_r,f
f_i_o_n_a,f
j_a_n_i_a_h,f
j_o_r_e_t_t_a,f
v_e_r_l_e,m
a_r_g_i_e,f
l_a_r_a_e,f
m_a_r_c,m
s_o_n,m
n_i_a,f
j_o_n_n_a,f
a_l_l_y,f
v_i_c_t_o_r_i_a,f
j_a_n_u_a_r_y,f
r_i_v_e_r,m
m_e_r_w_i_n,m
m_a_r_c_u_s,m
c_o_l_e,m
r_e_g_e_n_a,f
r_i_c_e,m
l_u_d_i_e,f
b_r_i_d_g_e_t_t_e,f
g_e_o_r_g_e_t_t_e,f
f_l_o_r,f
l_o_v_e,m
l_o_r_a,m
g_a_v_i_n,m
v_e_r_d_e_l_l,f
k_n_o_x,m
h_a_r_t_l_e_y,m
d_a_n_e_l_l_e,f
s_h_a_m_i_k_a,f
c_a_l_l_u_m,m
r_o_s_a_l_y_n,f
c_h_r_i_s_t_i_n_a,m
k_r_y_s_t_l_e,f
t_r_a_e,m
s_h_i_r_l_e_y,m
s_t_e_v_a_n,m
e_c_h_o,f
d_e_v_y_n,m
h_a_n_k,m
v_a_l_o_r_i_e,f
b_r_a_d_y,m
c_h_r_i_s_t_e_n,f
b_o,m
r_e_i_l_l_y,m
k_o_d_y,m
a_r_i_z_o_n_a,f
g_i_u_s_e_p_p_e,m
e_l_v_i_n_a,f
t_i_a_n_n_a,f
i_d_e_l_l_a,f
k_e_l_s_i,f
f_o_y,m
j_a_k_e,m
d_i_e_g_o,m
d_e_v_i_n,m
c_h_a_r_l_o_t_t_a,f
r_i_h_a_n_n_a,f
d_y_a_n,f
c_u_r_l_e_y,m
j_o_h_n_a_t_h_a_n,m
d_e_l_p_h_a,f
b_r_o_w_n,m
t_r_e_m_a_y_n_e,m
j_a_l_o_n,m
c_a_r_l_i,f
e_r_n_e_s_t,m
k_a_z_u_o,m
c_o_l_e_t_t_a,f
j_o_e_l,m
g_l_e_n_n_a,f
j_u_s_t_y_n,m
a_r_y_a_n,m
s_h_a_r_o_n_d_a,f
e_r_a_s_m_o,m
i_n_a,f
r_o_s_e_l_l_a,f
m_a_e,m
r_o_b_e_r_t,m
c_a_p,m
v_o_n,m
w_i_l_f_r_i_d,m
d_a_v_o_n_t_a,m
z_a_c_k,m
c_h_e_r,f
k_a_i_t_l_y_n,f
j_a_m_i_e,m
t_o_m_i_e,m
k_i_r_s_t_i_e,f
c_h_a_n_e_y,f
h_o_l_l_i_e,m
n_y_a_s_i_a,f
d_a_m_i_a_n,m
j_a_n_a_e,f
e_n_o_l_a,f
c_r_i_s_t_o_f_e_r,m
t_r_a_y_v_o_n,m
b_r_a_y_l_e_n,m
f_i_t_z_g_e_r_a_l_d,m
d_j_u_n_a,f
r_u_p_e_r_t,m
d_a_g_n_y,f
s_h_e_r_e_e,f
e_p_h_r_i_a_m,m
c_h_r_i_s_t_i_a_n_a,f
g_e_n_e_r_a_l,m
l_a_d_y,f
g_w_e_n_d_o_l_y_n,f
t_i_t_o,m
t_e_x,m
c_l_a_r_i_s_s_a,f
d_e_l_i_l_a,f
d_e_n_n_i_e,m
u_r_b_a_n,m
v_e_r_n_o_n,m
g_r_a_c_i_a,f
w_h_i_t_l_e_y,f
f_e_l_t_o_n,m
k_a_d_e_n_c_e,f
t_a_n_a,f
l_y_n,m
a_s_a,m
b_r_i_t_t_n_y,f
v_e_n_a,f
a_r_l_e_t_h,f
v_i_v_i_a_n_a,f
b_e_t_s_e_y,f
k_e_n_l_e_y,f
c_h_e_r_i_l_y_n,f
a_l_d_a,f
o_z_i_e,m
o_l_i_v_i_a,f
b_a_s_i_l,m
r_a_f_a_e_l_a,f
t_r_y_s_t_a_n,m
e_l_m_i_r_a,f
s_h_a_n,m
k_e_n_n_e_t_h,m
p_a_x_t_o_n,m
d_a_r_r_i_u_s,m
k_h_a_l_i_l_a_h,f
d_e_b_o_r_r_a_h,f
k_a_r_i_n_a,f
e_u_r_a,f
a_l_e_x_a_n_d_r_a,f
b_r_a_d_y_n,m
l_e_m_o_n,m
e_l_l_y_n,f
w_i_n_f_r_e_d,m
f_a_r_o_n,m
d_e_n_z_e_l,m
k_r_a_i_g,m
m_y_a_h,f
s_t_a_c_i_e,f
a_l_f_o_n_s_e,m
d_a_r_r_i_n,m
z_o_e,f
k_a_r_y_n,f
l_i_a,f
f_r_a_n_z,m
s_i_l_v_i_a,f
a_n_n_a_b_e_l_l_e,f
k_i_n_d_r_a,f
b_e_n_i_t_o,m
p_r_o_s_p_e_r,m
m_e_n_a,f
h_a_r_r_e_l_l,m
t_a_y_l_o_r,m
n_e_t_a,f
l_o_y,m
j_u_l_i_a_n,m
h_o_y_t,m
l_e_o_n_i_a,f
c_o_n,m
s_a_g_e,m
t_a_l_m_a_g_e,m
a_d_e_l_i_n_e,f
l_a_w_r_a_n_c_e,m
k_a_e_d_e_n,m
l_u_c_i_l_e,f
l_a_i_s_h_a,f
s_h_e_r_r_i,f
l_o_r_i_n_g,m
z_a_n_d_r_a,f
w_i_l_l_i_a_n,m
e_l_o_i_s_a,f
n_a_n_i_e,f
r_e_g_i_n_a_l,m
b_u_f_f_y,f
t_a_s_h_i_n_a,f
i_s_i_d_o_r,m
n_e_l_i_a,f
k_a_t_y,f
p_o_w_e_l_l,m
d_a_n_e,m
k_a_t_h_e_y,f
k_a_c_i,f
a_l_e_s_h_a,f
s_h_a_r_l_a,f
m_e_l_l_i_s_s_a,f
a_r_l_e_n_a,f
s_h_e_r_r_o_n,f
w_e_s,m
m_a_t_t_i_e,m
c_o_r_a,m
c_l_a_u_d,m
v_e_s_t_a,f
r_u_s_s,m
r_i_c_h_e_l_l_e,f
c_u_r_t_i_s,m
r_e_e_s_e,m
b_a_l_d_w_i_n,m
b_r_e_n_t,m
j_o_s_h_u_a_h,m
d_o_l_l_y,f
n_a_t_a_s_h_a,f
l_i_l_i_a_n_a,f
d_e_m_i,f
o_s_w_a_l_d,m
j_e_t_h_r_o,m
d_o_n_a_t_o,m
d_e_n_z_i_l,m
a_l_l_y_n,m
v_i_n_c_e_n_t,m
m_a_l_a_k_a_i,m
k_e_e_n_a_n,m
e_l_i_d_a,f
s_h_a_r_i_t_a,f
m_y_r_t_l_e,m
b_r_e_o_n_n_a,f
d_e_n_z_e_l_l,m
g_a_y_l_e_n_e,f
e_m_a_n_u_e_l,m
c_r_y_s_t_a,f
s_t_a_n,m
b_a_r_o_n,m
s_h_a_n_n_e_n,f
f_o_u_n_t,m
d_e_l_v_i_n,m
m_u_r_p_h_y,m
b_u_r_n_e_y,m
d_a_l_t_o_n,m
r_o_s_a_l_i_e,f
j_e_r_e_m_e,m
e_m_i_l_y,f
e_a_r_l_i_n_e,f
s_t_e_p_h_a_n_i,f
h_u_y,m
s_a_l_l_i_e,f
j_o_l_i_n_e,f
c_a_n_n_o_n,m
d_e_b_b_i_e,f
a_l_b_i_o_n,m
k_e_y_o_n,m
d_a_v_i_o_n,m
e_l_i_e_z_e_r,m
k_a_v_o_n,m
e_u_p_h_e_m_i_a,f
b_r_a_y_d_e_n,m
e_l_l_e,f
s_h_e_l_b_i,f
e_u_g_e_n_e,m
s_i_e_n_n_a,f
i_n_e_s,f
a_b_d_u_l_l_a_h,m
g_e_o_r_g_i_e,m
a_b_d_u_l,m
j_o_y,m
s_y_l_v_a_n,m
h_a_r_d_i_n_g,m
h_a_l_i_e,f
l_e_o_n,m
l_a_s_h_o_n_d_a,f
w_i_l_e_y,m
d_o_n_n_a,m
t_r_i_c_i_a,f
y_v_o_n_n_e,f
g_l_y_n_d_a,f
m_e_g_g_a_n,f
a_n_g_e_l_a,m
t_r_e_n_a,f
o_z_e_l_l_a,f
m_e_l_t_o_n,m
g_r_o_v_e,m
w_i_l_l_a,f
e_x_a,f
o_k_e_y,m
e_l_n_o_r_a,f
k_i_a,f
s_o_r_e_n,m
l_y_n_n_e_t_t_e,f
i_z_a_b_e_l_l_e,f
e_d_n_a,m
b_r_i_o_n,m
f_r_i_e_n_d,m
s_u_z_a_n_n,f
g_e_o_r_g_e_a_n_n_a,f
k_a_l_y_n,f
m_a_r_l_a_n_d,m
d_o_s_h_i_e,f
e_d,m
j_o_h_a_n_n_a_h,f
t_e_s_s,f
r_e_f_u_g_i_o,m
k_r_y_s_t_e_n,f
a_n_j_e_l_i_c_a,f
t_r_i_l_b_y,f
l_o_u_v_e_n_i_a,f
j_a_n_e_l_l_e,f
r_o_d_r_i_g_o,m
d_a_n_i,f
a_m_i_t,m
r_o_m_e,m
c_l_e_o_n_e,f
s_u_s_a_n_n_e,f
k_e_i_o_n,m
a_n_t_o_n_e_t_t_e,f
s_h_a_w_n_n_a,f
a_r_i_a_n_e,f
w_i_n_n_i_f_r_e_d,f
l_i_l_l_i_s,f
l_e_s_l_y,f
l_o_u_i_s_i_a_n_a,f
z_o_r_a,f
b_a_y_l_e_e,f
c_o_r_r_y,m
t_o_n_d_a,f
o_r_e_n,m
l_a_u_r_y_n,f
k_a_r_e_e_m,m
h_a_r_m_o_n,m
s_k_y_e,f
v_i_d_a_l,m
a_u_g_u_s_t_i_n_e,m
j_a_h_i_r,m
e_d_g_a_r,m
e_l_i_g_a,m
j_e_r_r_i_l_y_n,f
b_u_r_t_o_n,m
t_e_a_g_a_n,m
j_o_r_d_o_n,m
j_a_v_o_n,m
t_h_e_r_e_s_i_a,f
d_o_n_i_t_a,f
c_h_r_i_s_t_e_l,f
b_r_a_n_d_i_e,f
j_u_l_e_s,m
e_r_m_a,f
v_a_s_h_o_n,m
c_a_n_d_i_c_e,f
e_l_l_e_r_y,m
e_w_i_n,m
e_l_m_i_r_e,f
i_t_z_e_l,f
l_a_u_r_i_e,m
b_i_r_t_h_a,f
w_e_a_v_e_r,m
k_e_a_n_n_a,f
l_a_c_e_y,m
d_w_y_a_n_e,m
i_n_d_i_a,f
p_a_m_e_l_i_a,f
h_a_r_v_e_y,m
k_i_l_e_y,m
d_y_l_l_a_n,m
v_a_n_c_e,m
s_a_l_e_n_a,f
l_i_t_t_l_e,m
a_n_g_u_s,m
a_m_a_y_a,f
w_i_l_l_i_a_m,m
v_i_l_l_a,f
m_a_r_g_o,f
d_e_l_m_a_s,m
c_l_a_u_d_i_e,m
n_i_c_h_o_l_a_s,m
e_m_i_l_e_e,f
l_o_g_a_n,m
f_r_e_m_o_n_t,m
d_o_m_i_n_i_c,m
m_a_r_l_o_n,m
r_a_n_d_i,f
s_h_a_w_n,m
e_l_l_i_o_t,m
e_m_e_t_t,m
a_n_a_s_t_a_s_i_a,f
k_e_m,m
p_l_u_m_m_e_r,m
d_e_j_a,f
c_h_e_r_i_s_h,f
k_e_v_a_n,m
b_e_v_e_r_l_y,m
k_r_i_s_s_y,f
k_a_l_e_y,f
k_a_t_l_y_n_n,f
a_l_p_h_o_n_s_e,m
o_r_i_s,m
a_l_y_s_e,f
j_a_y_d_i_n,m
g_e_r_m_a_i_n_e,m
j_u_l_i_s_s_a,f
b_r_o_o_k_s,m
d_a_r_b_y,m
d_a_r_r_y_l_e,m
k_h_l_o_e,f
k_a_r_s_y_n,f
r_o_l_l_a,m
n_e_o_m_a,f
m_a_r_c_e_l_l_a,f
v_i_r_g_e,m
s_h_e_l_d_o_n,m
h_e_y_w_a_r_d,m
m_a_l_i_s_s_i_e,f
f_l_o_y_d,m
r_a_v_e_n,m
d_e_r_i_k,m
l_a_m_a_r_c_u_s,m
t_h_e_a_d_o_r_e,m
h_e_l_g_a,f
c_o_l_l_i_e_r,m
b_r_e_n_n_a_n,m
b_o_y_s_i_e,m
c_o_n_s_t_a_n_t_i_n_e,m
u_r_a,f
l_i_n_u_s,m
s_h_i_r_a,f
e_n_o_s,m
e_v_e_r_t_t,m
a_l_c_e_e,m
w_a_y_l_a_n_d,m
m_i_c_h_e_a_l,m
j_u_w_a_n,m
l_i_d_i_e,f
c_a_n_d_y_c_e,f
d_e_r_a_l_d,m
g_e_r_m_a_n,m
f_l_i_n_t,m
s_t_e_t_s_o_n,m
c_a_r_l_e_n_e,f
g_i_s_s_e_l_l_e,f
o_r_l_a_n_d_o,m
a_n_n_i_e,m
o_r_l_a,m
m_a_x_i_m_i_l_i_a_n,m
a_r_i_c,m
p_h_o_e_n_i_x,m
l_i_s_b_e_t_h,f
r_y_a_n_n,f
e_m_m_i_t,m
a_l_l_i_n_e,f
b_e_e_c_h_e_r,m
j_e_r_m_e_y,m
a_r_n_u_l_f_o,m
j_o_h_n_n_i_e,m
l_o_r_a_i_n_e,f
c_a_r_o_n,f
a_i_m_e_e,f
k_i_n_g_s_t_o_n,m
l_o_v_i_n_a,f
w_y_m_a_n,m
h_o_s_i_e,m
h_i_l_l,m
m_e_n_d_y,f
r_a_n_c_e,m
a_l_m_u_s,m
c_h_a_n_n_i_n_g,m
m_i_l_d_a,f
b_r_i_t_t_n_e_e,f
l_a_t_e_s_h_a,f
e_l_d_r_e_d,m
f_i_d_e_n_c_i_o,m
c_l_i_n_t_o_n,m
d_e_l_m_u_s,m
k_e_l_l_i,f
p_r_a_n_a_v,m
a_m_a_r_e,m
a_n_i_t_a,f
k_a_n_i_s_h_a,f
b_i_a_n_c_a,f
g_r_o_v_e_r,m
h_e_n_r_i_e_t_t_e,f
a_l_f_r_e_d_a,f
s_t_e_p_h_a_n_y,f
m_a_r_i_t_a,f
a_v_e_r_y,m
c_r_i_s_t_i_n_a,f
c_h_a_n_c_e_y,m
g_e_n_n_i_e,f
r_u_b_e,m
b_e_n_s_o_n,m
o_b_e,m
o_n_i_e,f
b_e_n_j_a_m_a_n,m
z_a_k_a_r_y,m
b_l_a_i_s_e,m
s_a_v_a_n_a,f
a_n_a_b_e_l_l_e,f
d_e_a_n_g_e_l_o,m
b_o_b_b_i_e,m
m_e_l_b_o_u_r_n_e,m
m_a_n_l_y,m
y_v_e_t_t_e,f
r_o_n_a_l_d_o,m
i_s_a_i_a_h,m
e_f_f_a,f
h_a_y_l_e_i_g_h,f
r_e_b_a,f
w_i_l_b_e_r,m
c_o_l_o_n,m
u_r_i_j_a_h,m
e_n_n_i_s,m
k_e_v_i_n,m
d_i_y_a,f
m_a_m_i_e,m
k_a_c_i_e,f
d_a_v_i_a_n,m
k_a_r_o_l,f
s_i_g_m_u_n_d,m
d_o_l_o_r_e_s,m
g_a_g_e,m
s_t_e_l_l_a,f
s_h_o_n_d_a,f
b_r_u_n_o,m
v_i_c_k_e_y,f
w_h_i_t_n_e_y,m
h_u_m_p_h_r_e_y,m
a_r_m_i_n,m
m_o_r_g_a_n,m
m_y_r_t_i_e,f
s_y_e_d,m
m_o_n_t_e,m
d_e_a_n_n,f
r_e_n_o,m
d_a_m_a_r_i_s,f
c_o_r_e_a_n,f
a_l_e_x_z_a_n_d_e_r,m
k_i_m_b_e_r_l_e_e,f
l_i_n_d_y,m
m_i_l_l_a_r_d,m
a_s_h_l_e_e,f
j_a_x_o_n,m
a_r_n_o_l_d,m
j_e_s_s_i_e,m
j_e_d_e_d_i_a_h,m
j_a_v_i_e_r,m
j_o_s_h,m
t_w_i_l_a,f
a_l_i_d_a,f
c_a_y_l_a,f
q_u_e_e_n_i_e,f
g_i_d_g_e_t,f
u_l_y_s_s_e_s,m
j_a_z_m_i_n,f
l_a_d_d_i_e,m
r_y_l_e_e,m
r_a_e_k_w_o_n,m
t_i_e_s_h_a,f
j_i_l_e_s,m
a_l_a_n_n_a,f
c_h_r_i_s_t_o_p,m
e_l_l,m
m_i_c_h_i_a_l,m
a_r_t,m
m_a_r_i_a_m,f
d_i_x_i_e,m
l_e_o_n_o_r_a,f
s_u_z_a_n,f
m_i_c_k_i_e,f
p_r_u_d_e_n_c_e,f
m_e_l_l,m
k_o_e_n,m
e_r_l_e_n_e,f
t_a_r_i_q,m
r_o_r_y,m
i_r_i_n_e,f
m_a_n_d_i,f
p_e_n_n_i_e,f
d_u_s_t_i_n,m
s_e_w_a_r_d,m
z_e_l_a,f
l_e_l_a,f
c_o_r_i,f
c_i_a_r_a,f
a_l_y_s_s_i_a,f
n_a_k_i_s_h_a,f
m_o_h_a_m_e_d,m
c_a_m_e_r_o_n,m
a_y_a_n_n_a,f
d_a_w_n_a,f
o_r_l_e_n_a,f
t_e_d_d_i_e,m
e_b_o_n_y,f
v_e_n_i_e,f
a_b_r_a_m,m
m_y_r_a,f
l_y_n_w_o_o_d,m
