first_name,gender
John,m
William,m
James,m
Charles,m
George,m
Frank,m
Joseph,m
Thomas,m
Henry,m
Robert,m
Edward,m
Harry,m
Walter,m
Arthur,m
Fred,m
Albert,m
Samuel,m
David,m
Louis,m
Joe,m
Charlie,m
Clarence,m
Richard,m
Andrew,m
Daniel,m
Ernest,m
Will,m
Jesse,m
Oscar,m
Lewis,m
Peter,m
Benjamin,m
Frederick,m
Willie,m
Alfred,m
Sam,m
Roy,m
Herbert,m
Jacob,m
Tom,m
Elmer,m
Carl,m
Lee,m
Howard,m
Martin,m
Michael,m
Bert,m
Herman,m
Jim,m
Francis,m
Harvey,m
Earl,m
Eugene,m
Ralph,m
Ed,m
Claude,m
Edwin,m
Ben,m
Charley,m
Paul,m
Edgar,m
Isaac,m
Otto,m
Luther,m
Lawrence,m
Ira,m
Patrick,m
Guy,m
Oliver,m
Theodore,m
Hugh,m
Clyde,m
Alexander,m
August,m
Floyd,m
Homer,m
Jack,m
Leonard,m
Horace,m
Marion,m
Philip,m
Allen,m
Archie,m
Stephen,m
Chester,m
Willis,m
Raymond,m
Rufus,m
Warren,m
Jessie,m
Milton,m
Alex,m
Leo,m
Julius,m
Ray,m
Sidney,m
Bernard,m
Dan,m
Jerry,m
Calvin,m
Perry,m
Dave,m
Anthony,m
Eddie,m
Amos,m
Dennis,m
Clifford,m
Leroy,m
Wesley,m
Alonzo,m
Garfield,m
Franklin,m
Emil,m
Leon,m
Nathan,m
Harold,m
Matthew,m
Levi,m
Moses,m
Everett,m
Lester,m
Winfield,m
Adam,m
Lloyd,m
Mack,m
Fredrick,m
Jay,m
Jess,m
Melvin,m
Noah,m
Aaron,m
Alvin,m
Norman,m
Gilbert,m
Elijah,m
Victor,m
Gus,m
Nelson,m
Jasper,m
Silas,m
Christopher,m
Jake,m
Mike,m
Percy,m
Adolph,m
Maurice,m
Cornelius,m
Felix,m
Reuben,m
Wallace,m
Claud,m
Roscoe,m
Sylvester,m
Earnest,m
Hiram,m
Otis,m
Simon,m
Willard,m
Irvin,m
Mark,m
Jose,m
Wilbur,m
Abraham,m
Virgil,m
Clinton,m
Elbert,m
Leslie,m
Marshall,m
Owen,m
Wiley,m
Anton,m
Morris,m
Manuel,m
Phillip,m
Augustus,m
Emmett,m
Eli,m
Nicholas,m
Wilson,m
Alva,m
Harley,m
Newton,m
Timothy,m
Marvin,m
Ross,m
Curtis,m
Edmund,m
Jeff,m
Elias,m
Harrison,m
Stanley,m
Columbus,m
Lon,m
Ora,m
Ollie,m
Russell,m
Pearl,m
Solomon,m
Arch,m
Asa,m
Clayton,m
Enoch,m
Irving,m
Mathew,m
Nathaniel,m
Scott,m
Hubert,m
Lemuel,m
Andy,m
Ellis,m
Emanuel,m
Joshua,m
Millard,m
Vernon,m
Wade,m
Cyrus,m
Miles,m
Rudolph,m
Sherman,m
Austin,m
Bill,m
Chas,m
Lonnie,m
Monroe,m
Byron,m
Edd,m
Emery,m
Grant,m
Jerome,m
Max,m
Mose,m
Steve,m
Gordon,m
Abe,m
Pete,m
Chris,m
Clark,m
Gustave,m
Orville,m
Lorenzo,m
Bruce,m
Marcus,m
Preston,m
Bob,m
Dock,m
Donald,m
Jackson,m
Cecil,m
Barney,m
Delbert,m
Edmond,m
Anderson,m
Christian,m
Glenn,m
Jefferson,m
Luke,m
Neal,m
Burt,m
Ike,m
Myron,m
Tony,m
Conrad,m
Joel,m
Matt,m
Riley,m
Vincent,m
Emory,m
Isaiah,m
Nick,m
Ezra,m
Green,m
Juan,m
Clifton,m
Lucius,m
Porter,m
Arnold,m
Bud,m
Jeremiah,m
Taylor,m
Forrest,m
Roland,m
Spencer,m
Burton,m
Don,m
Emmet,m
Gustav,m
Louie,m
Morgan,m
Ned,m
Van,m
Ambrose,m
Chauncey,m
Elisha,m
Ferdinand,m
General,m
Julian,m
Kenneth,m
Mitchell,m
Allie,m
Josh,m
Judson,m
Lyman,m
Napoleon,m
Pedro,m
Berry,m
Dewitt,m
Ervin,m
Forest,m
Lynn,m
Pink,m
Ruben,m
Sanford,m
Ward,m
Douglas,m
Ole,m
Omer,m
Ulysses,m
Walker,m
Wilbert,m
Adelbert,m
Benjiman,m
Ivan,m
Jonas,m
Major,m
Abner,m
Archibald,m
Caleb,m
Clint,m
Dudley,m
Granville,m
King,m
Mary,m
Merton,m
Antonio,m
Bennie,m
Carroll,m
Freeman,m
Josiah,m
Milo,m
Royal,m
Dick,m
Earle,m
Elza,m
Emerson,m
Fletcher,m
Judge,m
Laurence,m
Neil,m
Roger,m
Seth,m
Glen,m
Hugo,m
Jimmie,m
Johnnie,m
Washington,m
Elwood,m
Gust,m
Harmon,m
Jordan,m
Simeon,m
Wayne,m
Wilber,m
Clem,m
Evan,m
Frederic,m
Irwin,m
Junius,m
Lafayette,m
Loren,m
Madison,m
Mason,m
Orval,m
Abram,m
Aubrey,m
Elliott,m
Hans,m
Karl,m
Minor,m
Wash,m
Wilfred,m
Allan,m
Alphonse,m
Dallas,m
Dee,m
Isiah,m
Jason,m
Johnny,m
Lawson,m
Lew,m
Micheal,m
Orin,m
Addison,m
Cal,m
Erastus,m
Francisco,m
Hardy,m
Lucien,m
Randolph,m
Stewart,m
Vern,m
Wilmer,m
Zack,m
Adrian,m
Alvah,m
Bertram,m
Clay,m
Ephraim,m
Fritz,m
Giles,m
Grover,m
Harris,m
Isom,m
Jesus,m
Johnie,m
Jonathan,m
Lucian,m
Malcolm,m
Merritt,m
Otho,m
Perley,m
Rolla,m
Sandy,m
Tomas,m
Wilford,m
Adolphus,m
Angus,m
Arther,m
Carlos,m
Cary,m
Cassius,m
Davis,m
Hamilton,m
Harve,m
Israel,m
Leander,m
Melville,m
Merle,m
Murray,m
Pleasant,m
Sterling,m
Steven,m
Axel,m
Boyd,m
Bryant,m
Clement,m
Erwin,m
Ezekiel,m
Foster,m
Frances,m
Geo,m
Houston,m
Issac,m
Jules,m
Larkin,m
Mat,m
Morton,m
Orlando,m
Pierce,m
Prince,m
Rollie,m
Rollin,m
Sim,m
Stuart,m
Wilburn,m
Bennett,m
Casper,m
Christ,m
Dell,m
Egbert,m
Elmo,m
Fay,m
Gabriel,m
Hector,m
Horatio,m
Lige,m
Saul,m
Smith,m
Squire,m
Tobe,m
Tommie,m
Wyatt,m
Alford,m
Alma,m
Alton,m
Andres,m
Burl,m
Cicero,m
Dean,m
Dorsey,m
Enos,m
Howell,m
Lou,m
Loyd,m
Mahlon,m
Nat,m
Omar,m
Oran,m
Parker,m
Raleigh,m
Reginald,m
Rubin,m
Seymour,m
Wm,m
Young,m
Benjamine,m
Carey,m
Carlton,m
Eldridge,m
Elzie,m
Garrett,m
Isham,m
Johnson,m
Larry,m
Logan,m
Merrill,m
Mont,m
Oren,m
Pierre,m
Rex,m
Rodney,m
Ted,m
Webster,m
West,m
Wheeler,m
Willam,m
Al,m
Aloysius,m
Alvie,m
Anna,m
Art,m
Augustine,m
Bailey,m
Benjaman,m
Beverly,m
Bishop,m
Clair,m
Cloyd,m
Coleman,m
Dana,m
Duncan,m
Dwight,m
Emile,m
Evert,m
Henderson,m
Hunter,m
Jean,m
Lem,m
Luis,m
Mathias,m
Maynard,m
Miguel,m
Mortimer,m
Nels,m
Norris,m
Pat,m
Phil,m
Rush,m
Santiago,m
Sol,m
Sydney,m
Thaddeus,m
Thornton,m
Tim,m
Travis,m
Truman,m
Watson,m
Webb,m
Wellington,m
Winfred,m
Wylie,m
Alec,m
Basil,m
Baxter,m
Bertrand,m
Buford,m
Burr,m
Cleveland,m
Colonel,m
Dempsey,m
Early,m
Ellsworth,m
Fate,m
Finley,m
Gabe,m
Garland,m
Gerald,m
Herschel,m
Hezekiah,m
Justus,m
Lindsey,m
Marcellus,m
Olaf,m
Olin,m
Pablo,m
Rolland,m
Turner,m
Verne,m
Volney,m
Williams,m
Almon,m
Alois,m
Alonza,m
Anson,m
Authur,m
Benton,m
Billie,m
Cornelious,m
Darius,m
Denis,m
Dillard,m
Doctor,m
Elvin,m
Emma,m
Eric,m
Evans,m
Gideon,m
Haywood,m
Hilliard,m
Hosea,m
Lincoln,m
Lonzo,m
Lucious,m
Lum,m
Malachi,m
Newt,m
Noel,m
Orie,m
Palmer,m
Pinkney,m
Shirley,m
Sumner,m
Terry,m
Urban,m
Uriah,m
Valentine,m
Waldo,m
Warner,m
Wong,m
Zeb,m
Abel,m
Alden,m
Archer,m
Avery,m
Carson,m
Cullen,m
Doc,m
Eben,m
Elige,m
Elizabeth,m
Elmore,m
Ernst,m
Finis,m
Freddie,m
Godfrey,m
Guss,m
Hamp,m
Hermann,m
Isadore,m
Isreal,m
Jones,m
June,m
Lacy,m
Lafe,m
Leland,m
Llewellyn,m
Ludwig,m
Manford,m
Maxwell,m
Minnie,m
Obie,m
Octave,m
Orrin,m
Ossie,m
Oswald,m
Park,m
Parley,m
Ramon,m
Rice,m
Stonewall,m
Theo,m
Tillman,m
Addie,m
Aron,m
Ashley,m
Bernhard,m
Bertie,m
Berton,m
Buster,m
Butler,m
Carleton,m
Carrie,m
Clara,m
Clarance,m
Clare,m
Crawford,m
Danial,m
Dayton,m
Dolphus,m
Elder,m
Ephriam,m
Fayette,m
Felipe,m
Fernando,m
Flem,m
Florence,m
Ford,m
Harlan,m
Hayes,m
Henery,m
Hoy,m
Huston,m
Ida,m
Ivory,m
Jonah,m
Justin,m
Lenard,m
Leopold,m
Lionel,m
Manley,m
Marquis,m
Marshal,m
Mart,m
Odie,m
Olen,m
Oral,m
Orley,m
Otha,m
Press,m
Price,m
Quincy,m
Randall,m
Rich,m
Richmond,m
Romeo,m
Russel,m
Rutherford,m
Shade,m
Shelby,m
Solon,m
Thurman,m
Tilden,m
Troy,m
Woodson,m
Worth,m
Aden,m
Alcide,m
Alf,m
Algie,m
Arlie,m
Bart,m
Bedford,m
Benito,m
Billy,m
Bird,m
Birt,m
Bruno,m
Burley,m
Chancy,m
Claus,m
Cliff,m
Clovis,m
Connie,m
Creed,m
Delos,m
Duke,m
Eber,m
Eligah,m
Elliot,m
Elton,m
Emmitt,m
Gene,m
Golden,m
Hal,m
Hardin,m
Harman,m
Hervey,m
Hollis,m
Ivey,m
Jennie,m
Len,m
Lindsay,m
Lonie,m
Lyle,m
Mac,m
Mal,m
Math,m
Miller,m
Orson,m
Osborne,m
Percival,m
Pleas,m
Ples,m
Rafael,m
Raoul,m
Roderick,m
Rose,m
Shelton,m
Sid,m
Theron,m
Tobias,m
Toney,m
Tyler,m
Vance,m
Vivian,m
Walton,m
Watt,m
Weaver,m
Wilton,m
Adolf,m
Albin,m
Albion,m
Allison,m
Alpha,m
Alpheus,m
Anastacio,m
Andre,m
Annie,m
Arlington,m
Armand,m
Asberry,m
Asbury,m
Asher,m
Augustin,m
Auther,m
Author,m
Ballard,m
Blas,m
Caesar,m
Candido,m
Cato,m
Clarke,m
Clemente,m
Colin,m
Commodore,m
Cora,m
Coy,m
Cruz,m
Curt,m
Damon,m
Davie,m
Delmar,m
Dexter,m
Dora,m
Doss,m
Drew,m
Edson,m
Elam,m
Elihu,m
Eliza,m
Elsie,m
Erie,m
Ernie,m
Ethel,m
Ferd,m
Friend,m
Garry,m
Gary,m
Grace,m
Gustaf,m
Hallie,m
Hampton,m
Harrie,m
Hattie,m
Hence,m
Hillard,m
Hollie,m
Holmes,m
Hope,m
Hyman,m
Ishmael,m
Jarrett,m
Jessee,m
Joeseph,m
Junious,m
Kirk,m
Levy,m
Mervin,m
Michel,m
Milford,m
Mitchel,m
Nellie,m
Noble,m
Obed,m
Oda,m
Orren,m
Ottis,m
Rafe,m
Redden,m
Reese,m
Rube,m
Ruby,m
Rupert,m
Salomon,m
Sammie,m
Sanders,m
Soloman,m
Stacy,m
Stanford,m
Stanton,m
Thad,m
Titus,m
Tracy,m
Vernie,m
Wendell,m
Wilhelm,m
Willian,m
Yee,m
Zeke,m
Ab,m
Abbott,m
Agustus,m
Albertus,m
Almer,m
Alphonso,m
Alvia,m
Artie,m
Arvid,m
Ashby,m
Augusta,m
Aurthur,m
Babe,m
Baldwin,m
Barnett,m
Bartholomew,m
Barton,m
Bernie,m
Blaine,m
Boston,m
Brad,m
Bradford,m
Bradley,m
Brooks,m
Buck,m
Budd,m
Ceylon,m
Chalmers,m
Chesley,m
Chin,m
Cleo,m
Crockett,m
Cyril,m
Daisy,m
Denver,m
Dow,m
Duff,m
Edie,m
Edith,m
Elick,m
Elie,m
Eliga,m
Eliseo,m
Elroy,m
Ely,m
Ennis,m
Enrique,m
Erasmus,m
Esau,m
Everette,m
Firman,m
Fleming,m
Flora,m
Gardner,m
Gee,m
Gorge,m
Gottlieb,m
Gregorio,m
Gregory,m
Gustavus,m
Halsey,m
Handy,m
Hardie,m
Harl,m
Hayden,m
Hays,m
Hermon,m
Hershel,m
Holly,m
Hosteen,m
Hoyt,m
Hudson,m
Huey,m
Humphrey,m
Hunt,m
Hyrum,m
Irven,m
Isam,m
Ivy,m
Jabez,m
Jewel,m
Jodie,m
Judd,m
Julious,m
Justice,m
Katherine,m
Kelly,m
Kit,m
Knute,m
Lavern,m
Lawyer,m
Layton,m
Brown,m
Newell,m
Carter,m
Lucas,m
Ransom,m
Bee,m
Meyer,m
Paris,m
Byrd,m
Deforest,m
Dolph,m
Harper,m
Jule,m
Lambert,m
Margaret,m
Ocie,m
Orange,m
Reece,m
Roe,m
Ambers,m
Bessie,m
Collins,m
Elbridge,m
Eldon,m
Elvis,m
Gaston,m
Guadalupe,m
Hartwell,m
Knox,m
Lue,m
Manning,m
Ola,m
Reed,m
Sampson,m
Samual,m
Thos,m
Todd,m
Tommy,m
Unknown,m
Wirt,m
Woodie,m
Alice,m
Alvis,m
Ammon,m
Boss,m
Cas,m
Cass,m
Chalmer,m
Denton,m
Elsworth,m
Erving,m
Fredric,m
Furman,m
Helen,m
Pearlie,m
Plummer,m
Presley,m
Rollo,m
Roswell,m
Ruffus,m
Sheldon,m
Tilman,m
York,m
Acie,m
Alfonso,m
Ashton,m
Burke,m
Cap,m
Casimiro,m
Collie,m
Curley,m
Dale,m
Dixon,m
Dominick,m
Garret,m
Gerrit,m
Griffin,m
Hall,m
Heber,m
Hurley,m
Isidore,m
Lorenza,m
Marian,m
Maud,m
Maude,m
Murphy,m
Obe,m
Orla,m
Orlo,m
Orrie,m
Sebastian,m
Starling,m
Tolbert,m
Whit,m
Adrien,m
Alto,m
Angelo,m
Antone,m
Arden,m
Atticus,m
Belton,m
Bertha,m
Blair,m
Burrell,m
Callie,m
Campbell,m
Champ,m
Coley,m
Conway,m
Craig,m
Dalton,m
Darrell,m
Darwin,m
Dennie,m
Ebb,m
Ebbie,m
Edna,m
Ellison,m
Elonzo,m
Emit,m
Emry,m
Ephram,m
Esequiel,m
Essie,m
Esta,m
Evertt,m
Garner,m
Garnett,m
Graham,m
Gregg,m
Halbert,m
Harvie,m
Harvy,m
Hubbard,m
Jared,m
Jere,m
Joesph,m
Johnathan,m
Juluis,m
Kirby,m
Kyle,m
Lane,m
Lawerence,m
Less,m
Linwood,m
Louise,m
Lowell,m
Loy,m
Lucy,m
Manly,m
Mannie,m
Marcel,m
Marius,m
Marrion,m
Mercer,m
Monte,m
Montgomery,m
Nolan,m
Okey,m
Page,m
Philo,m
Primus,m
Prosper,m
Pryor,m
Rene,m
Robin,m
Roll,m
Seward,m
Shannon,m
Talmage,m
Vaughn,m
Verner,m
Waverly,m
Weldon,m
Wells,m
Wiliam,m
Wing,m
Wood,m
Wright,m
Add,m
Adelard,m
Cleve,m
Linus,m
Martha,m
Reinhold,m
Junior,m
Ace,m
Armstead,m
Benedict,m
Brice,m
Gibson,m
May,m
Mills,m
Adolfo,m
Alanzo,m
Antoine,m
Ethan,m
Eustace,m
Ewing,m
Fernand,m
Fisher,m
Gail,m
Harland,m
Hilary,m
Hosie,m
Lemon,m
Lora,m
Marsh,m
Newman,m
Nickolas,m
Olie,m
Pearley,m
Roman,m
Rome,m
Rowland,m
Shelly,m
Vicente,m
Weston,m
Alan,m
Alberto,m
Alexis,m
Auguste,m
Bascom,m
Cameron,m
Camille,m
Clabe,m
Cooper,m
Domingo,m
Elwin,m
Emilio,m
French,m
Gerhard,m
Hansford,m
Jarvis,m
Jobe,m
Josephus,m
Landon,m
Lennie,m
Leonidas,m
Lesley,m
Lillian,m
Linn,m
Littleton,m
Lone,m
Margarito,m
Mattie,m
Melton,m
Ott,m
Randle,m
Seaborn,m
Severt,m
Steward,m
Sylvanus,m
Theadore,m
Theophile,m
Vester,m
Wenzel,m
Alby,m
Alcee,m
Almond,m
Alvy,m
Amon,m
Ansel,m
Bayard,m
Benny,m
Bluford,m
Booker,m
Burnett,m
Burney,m
Caswell,m
Claudie,m
Conley,m
Cortez,m
Dionicio,m
Donnie,m
Eldred,m
Ell,m
Ellery,m
Ellwood,m
Elva,m
Emmit,m
Erle,m
Essex,m
Ewell,m
Ewin,m
Fabian,m
Florencio,m
Fremont,m
Gaines,m
Garnet,m
Gaylord,m
German,m
Greene,m
Brady,m
Festus,m
Jewell,m
Odell,m
Rosco,m
Bernice,m
Chauncy,m
Delmer,m
Effie,m
Ellie,m
Jimmy,m
Lars,m
Milas,m
Miner,m
Rogers,m
Sarah,m
Wess,m
Woody,m
Bryan,m
Douglass,m
Hilton,m
Irvine,m
Isidor,m
Jeptha,m
Mabel,m
Malcom,m
Mell,m
Olof,m
Robt,m
Ronald,m
Simpson,m
Spurgeon,m
Tandy,m
Thurlow,m
Toy,m
Winston,m
Zeno,m
Alphonsus,m
Alvan,m
Amado,m
Ananias,m
Ancel,m
Atlas,m
Banks,m
Barry,m
Blake,m
Blanchard,m
Bose,m
Captain,m
Ceasar,m
Chance,m
Chancey,m
Charle,m
Clide,m
Dink,m
Ella,m
Emett,m
Erick,m
Estill,m
Fenton,m
Gale,m
Gay,m
Grove,m
Hanson,m
Harlie,m
Harlow,m
Haskell,m
Ingram,m
Iva,m
Jep,m
Joy,m
Lessie,m
Lillie,m
Linton,m
Linzy,m
Little,m
Loney,m
Loring,m
Lovie,m
Lute,m
Mace,m
Matthias,m
Meredith,m
Benjamen,m
Jens,m
Oakley,m
Whitney,m
Donaciano,m
Hayward,m
Loran,m
Love,m
Son,m
Tollie,m
Vollie,m
Bonnie,m
Catherine,m
Ebenezer,m
Ewald,m
Herb,m
Julia,m
Silvester,m
Stafford,m
Sullivan,m
Thurston,m
Wayman,m
Wes,m
Winnie,m
Burrel,m
Cleon,m
Dozier,m
Elden,m
Fulton,m
Helmer,m
Hill,m
Hjalmer,m
Ignatz,m
Kelley,m
Marlin,m
Moody,m
Myrtle,m
Namon,m
Odin,m
Odis,m
Oley,m
Osborn,m
Osie,m
Prentice,m
Purl,m
Roby,m
Shep,m
Simmie,m
Stanislaus,m
Vander,m
Zollie,m
Abb,m
Ah,m
Aleck,m
Beecher,m
Blain,m
Bowman,m
Bunk,m
Burgess,m
Carol,m
Charly,m
Clell,m
Cody,m
Lamar,m
Worley,m
Arley,m
Nicolas,m
Terence,m
Claire,m
Earley,m
Elzy,m
Fielding,m
Gertrude,m
Nora,m
Norton,m
Clemens,m
Earlie,m
Ellen,m
Epifanio,m
Glover,m
Lark,m
Laurance,m
Leigh,m
Braxton,m
Cleave,m
Colon,m
Constantine,m
Dominic,m
Emiliano,m
Fleet,m
Franklyn,m
Hobart,m
Josephine,m
Laverne,m
Lillard,m
Lim,m
Merlin,m
Milan,m
Nim,m
Norbert,m
North,m
Orland,m
Orvis,m
Reason,m
Rob,m
Virge,m
Zenas,m
Ada,m
Alejandro,m
Atha,m
Audie,m
Boyce,m
Brent,m
Burdette,m
Cash,m
Chase,m
Clive,m
Courtney,m
Cris,m
Dawson,m
Drury,m
Duane,m
Elon,m
Estevan,m
Fitzhugh,m
Fount,m
Gray,m
Terrence,m
Bartley,m
Shedrick,m
Dixie,m
Ignacio,m
Merl,m
Nehemiah,m
Norwood,m
Raphael,m
Reno,m
Rudy,m
Rueben,m
Sylvan,m
Virgle,m
Charls,m
Cole,m
Elby,m
Ferman,m
Fern,m
Florian,m
Fuller,m
Gorden,m
Gussie,m
Ham,m
Hazel,m
Ignatius,m
Joaquin,m
Lacey,m
Laurie,m
Lilburn,m
Lovell,m
Lovett,m
Malvin,m
Manson,m
Pratt,m
Reid,m
Ruffin,m
Tomie,m
Vince,m
Wayland,m
Acey,m
Alger,m
Algernon,m
Amasa,m
Amil,m
Barrett,m
Britt,m
Burns,m
Calhoun,m
Christy,m
Cletus,m
Colbert,m
Courtland,m
Myles,m
Irl,m
Benson,m
Norval,m
Armond,m
Frazier,m
Thompson,m
Alfredo,m
Grady,m
Lorenz,m
Peyton,m
Seldon,m
Ethelbert,m
Eva,m
Gilman,m
Henri,m
Iver,m
Laura,m
Leonce,m
Mamie,m
Orion,m
Ottie,m
Rudolf,m
Selmer,m
Shepherd,m
Yancy,m
Abbie,m
Agnes,m
Arnie,m
Arvin,m
Blanche,m
Bliss,m
Cassie,m
Dewey,m
Diego,m
Dorr,m
Edmon,m
Estes,m
Gilford,m
Graves,m
Hillery,m
Laurel,m
Carlisle,m
Hughie,m
Orvel,m
Angel,m
Horton,m
Lena,m
Marie,m
Waymon,m
Arno,m
Burnie,m
Elgie,m
Fannie,m
Felton,m
Keith,m
Maxie,m
Nils,m
Sie,m
Sonny,m
Vere,m
Virgie,m
Benjman,m
Bernardo,m
Casey,m
Celestino,m
Cephus,m
Della,m
Hart,m
Hillary,m
Hilmer,m
Holland,m
Jacques,m
Johny,m
Jordon,m
Julien,m
Julio,m
Kay,m
Le,m
Leeroy,m
Liston,m
Lott,m
Doyle,m
Gerard,m
Alfonzo,m
Carlie,m
Branch,m
Bush,m
Elgin,m
Federico,m
Franz,m
Governor,m
Maury,m
Nancy,m
Salvatore,m
Werner,m
Edw,m
Ernesto,m
Fed,m
Foy,m
Galen,m
Genie,m
Hjalmar,m
Lawton,m
Levin,m
Lish,m
Pascal,m
Posey,m
Redmond,m
Rosendo,m
Talmadge,m
Winford,m
Abie,m
Alta,m
Alver,m
Anatole,m
Bobbie,m
Boone,m
Buell,m
Claiborne,m
Loyal,m
Eduardo,m
Maggie,m
Needham,m
Mansfield,m
Ras,m
Guilford,m
Sing,m
Xavier,m
Charlton,m
Eula,m
Mckinley,m
Polk,m
Shellie,m
Bentley,m
Claudius,m
Conard,m
Cornell,m
Ester,m
Esther,m
Mae,m
Mildred,m
Neely,m
Owens,m
Rance,m
Red,m
Robbie,m
Sigurd,m
Teddy,m
Val,m
Almus,m
Sheridan,m
Lorin,m
Carmine,m
Jonnie,m
Kent,m
Murl,m
Ricardo,m
Wilfrid,m
Adlai,m
Buddie,m
Burk,m
Dessie,m
Edison,m
Gifford,m
Goldie,m
Hurbert,m
Iverson,m
Job,m
Leamon,m
Olive,m
Powell,m
Rexford,m
Roma,m
Romie,m
Vick,m
Waldemar,m
Zebulon,m
Alferd,m
Algot,m
Alphons,m
Audley,m
Barnard,m
Berkley,m
Bethel,m
Caroline,m
Corbett,m
Ruth,m
Fidel,m
Guillermo,m
Murry,m
Reubin,m
Rocco,m
Samson,m
Westley,m
Alba,m
Irene,m
Murdock,m
Nolen,m
Royce,m
Ruel,m
Willaim,m
Beryl,m
Beulah,m
Burleigh,m
Carrol,m
Con,m
Dillon,m
Ebert,m
Encarnacion,m
Cedric,m
Estel,m
Mayo,m
Shelley,m
Thorwald,m
Durward,m
Luster,m
Arnett,m
Aubra,m
Avon,m
Bolden,m
Dannie,m
Elex,m
Ferris,m
Jeffie,m
Lexie,m
Link,m
Moises,m
Myer,m
Carlyle,m
Arvel,m
Erby,m
Floy,m
Hughey,m
Ovid,m
Alston,m
Audrey,m
Buddy,m
Clemmie,m
Clemon,m
Dorothy,m
Einar,m
Gurney,m
Hebert,m
Hezzie,m
Kurt,m
Lois,m
Lula,m
Mearl,m
Oddie,m
Ramsey,m
Vinton,m
Zed,m
Audy,m
Barnie,m
Donat,m
Emmons,m
Erich,m
Esley,m
Eston,m
Roosevelt,m
Hartley,m
Jennings,m
Hobert,m
Montie,m
Rae,m
Arvil,m
Casimer,m
Elwyn,m
Evander,m
Gaither,m
Grafton,m
Guthrie,m
Jettie,m
Lannie,m
Lea,m
Moe,m
Nestor,m
Ovila,m
Reynold,m
Reynolds,m
Susie,m
TRUE,m
Alwin,m
Casimir,m
Vergil,m
Hazen,m
Sigmund,m
Saint,m
Silver,m
Eugenio,m
Lisle,m
Milburn,m
Carmen,m
Orris,m
Rayford,m
Raymon,m
Virgel,m
Aloys,m
Cam,m
Hale,m
Nile,m
Offie,m
Opal,m
Rosa,m
Wardell,m
Willy,m
Acy,m
Arthor,m
Boysie,m
Britton,m
Oris,m
Gladys,m
Georgia,m
Bryon,m
Elvie,m
Frankie,m
Mario,m
Pasquale,m
Rhoda,m
Rossie,m
Sherwood,m
Buel,m
Clearence,m
Dabney,m
Diamond,m
Dorris,m
Everet,m
Ezell,m
Hobson,m
Admiral,m
Shafter,m
Maceo,m
Schley,m
Ewart,m
Patsy,m
Arba,m
Orvil,m
Adams,m
Collier,m
Gayle,m
Gladstone,m
Hilario,m
Kathryn,m
Mickey,m
Odus,m
Vernal,m
Von,m
Haven,m
Williard,m
Stephan,m
Collis,m
Griffith,m
Jethro,m
Vic,m
Viola,m
Baker,m
Beatrice,m
Bynum,m
Colvin,m
Doris,m
Elizah,m
Eunice,m
Leighton,m
Linnie,m
Lizzie,m
Rosevelt,m
Farris,m
Lemmie,m
Estell,m
Goebel,m
Tallie,m
Arlo,m
Artis,m
Collin,m
Eddy,m
Hester,m
Lauren,m
Lupe,m
Ozie,m
Salvador,m
Santos,m
Schuyler,m
Arturo,m
Donovan,m
Kermit,m
Eino,m
Olan,m
Danny,m
Lola,m
Esco,m
Josef,m
Lance,m
Leona,m
Mathews,m
Ova,m
Pate,m
Regis,m
Rosario,m
Vito,m
Adron,m
Ancil,m
Arland,m
Buren,m
Erland,m
Johney,m
Clarnce,m
Garvin,m
Agustin,m
Nathen,m
Oneal,m
Verna,m
Victoriano,m
Doll,m
Georgie,m
Heyward,m
Ivor,m
Myrl,m
Beckham,m
Thedore,m
Thelma,m
Trinidad,m
Verl,m
Evelyn,m
Hershell,m
Marty,m
Roberto,m
Teddie,m
Terrell,m
Hilbert,m
Lenon,m
Lenord,m
Ozzie,m
Porfirio,m
Sammy,m
Rayfield,m
Waino,m
Clemence,m
Harm,m
Jamie,m
Vincenzo,m
Welton,m
Adrain,m
Arbie,m
Betty,m
Bobby,m
Desmond,m
Domenic,m
Duard,m
Raul,m
Severo,m
Tobie,m
Council,m
Domenick,m
Darrel,m
Graydon,m
Fredie,m
Eliot,m
Hoke,m
Pauline,m
Tyree,m
Arne,m
Bell,m
Carlo,m
Hansel,m
Jiles,m
Leonardo,m
Quentin,m
Toby,m
Verlin,m
Winthrop,m
Domenico,m
Harrold,m
Lucille,m
Ryan,m
Benard,m
Quinton,m
Rodolfo,m
Armando,m
Delmas,m
Denzil,m
Luciano,m
Lyndon,m
Vera,m
Taft,m
Delphin,m
Rodger,m
Woodrow,m
Burnice,m
Giovanni,m
Americo,m
Ardell,m
Delmus,m
Gilmer,m
Lucio,m
Mariano,m
Ogden,m
Oland,m
Prentiss,m
Samie,m
Hadley,m
Francesco,m
Toivo,m
Robley,m
Verle,m
Farrell,m
Nathanial,m
Reyes,m
Eleanor,m
Emmanuel,m
Esker,m
Florentino,m
Gaetano,m
Levie,m
Guido,m
Aurelio,m
Curtiss,m
Othel,m
Santo,m
Harrell,m
Lenwood,m
Leopoldo,m
Dante,m
Ann,m
Halley,m
Reino,m
Carmelo,m
Wyman,m
Silvio,m
Colie,m
Alfonse,m
Aldo,m
Amerigo,m
Enrico,m
Gasper,m
Attilio,m
Woodroe,m
Nunzio,m
Burnell,m
Erling,m
Gilberto,m
Glendon,m
Larue,m
Masao,m
Nevin,m
Armin,m
Tyrus,m
Kendall,m
Garold,m
Gennaro,m
Cosmo,m
Luigi,m
Hymen,m
Donato,m
Melbourne,m
Merwin,m
Winton,m
Gino,m
Glenwood,m
Geno,m
Glynn,m
Nello,m
Durwood,m
Gilmore,m
Saverio,m
Garth,m
Hiroshi,m
Arlin,m
Yoshio,m
Arvo,m
Deward,m
Hughes,m
Tatsuo,m
Jerald,m
Zigmund,m
Gerhardt,m
Lynwood,m
Berlin,m
Merlyn,m
Pershing,m
Hideo,m
Normand,m
Orvin,m
Joyce,m
Minoru,m
Foch,m
Bryce,m
Carmel,m
Marco,m
Winifred,m
Edsel,m
Quinten,m
Kiyoshi,m
Therman,m
Kazuo,m
Metro,m
Laddie,m
Harding,m
Kennith,m
Eloy,m
Daryl,m
Rayburn,m
Jon,m
Dewayne,m
Marcos,m
Kevin,m
Harden,m
Delton,m
Reynaldo,m
Donal,m
Toshio,m
Dwayne,m
Zane,m
Luverne,m
Jackie,m
Ramiro,m
Harlen,m
Deane,m
Dwain,m
Boris,m
Dorman,m
Coolidge,m
Refugio,m
Darold,m
Donn,m
Faustino,m
Brian,m
Melvyn,m
Esteban,m
Freddy,m
Virginia,m
Marlyn,m
Ken,m
Dwaine,m
Gearld,m
Valentino,m
Lindy,m
Lindbergh,m
Shoji,m
Denny,m
Gonzalo,m
Jorge,m
Jerrold,m
Akira,m
Maria,m
Hoover,m
Jerold,m
Arlen,m
Ronnie,m
Marcelino,m
Verlyn,m
Ismael,m
Fidencio,m
Dolores,m
Adan,m
Davey,m
Derald,m
Barbara,m
Humberto,m
Joan,m
Sherwin,m
Lavon,m
Duwayne,m
Genaro,m
Kenny,m
Rogelio,m
Rolf,m
Arnulfo,m
Gerry,m
Derl,m
Gerold,m
Arlan,m
Patricia,m
Dino,m
Wally,m
Mervyn,m
Allyn,m
Monty,m
Dickie,m
Jan,m
Arlis,m
Kaye,m
Kenton,m
Sherrill,m
Darl,m
Raymundo,m
Delano,m
Terrance,m
Ronny,m
Chuck,m
Orlin,m
Gloria,m
Darryl,m
Marc,m
Sal,m
Stan,m
Cordell,m
Darvin,m
Derrell,m
Jame,m
Jacky,m
Lanny,m
Ron,m
Marland,m
Arlyn,m
Jerrell,m
Jeffrey,m
Valentin,m
Kerry,m
Ferrell,m
Gaylon,m
Jerrel,m
Darwyn,m
Dwane,m
Randy,m
Ian,m
Delwin,m
Gustavo,m
Verlon,m
Vernell,m
Delma,m
Windell,m
Kim,m
Errol,m
Reggie,m
Geoffrey,m
Mel,m
Sergio,m
Del,m
Donnell,m
Tyrone,m
Sharon,m
Donny,m
Doug,m
Marilyn,m
Carolyn,m
Delvin,m
Janet,m
Levon,m
Ozell,m
Gaylen,m
Lamont,m
Tex,m
Lonny,m
Autry,m
Rondal,m
Randal,m
Dion,m
Greg,m
Sandra,m
Judith,m
Scotty,m
Ronal,m
Jeffery,m
Randell,m
Joey,m
Nicky,m
Leonel,m
Harlon,m
Lawrance,m
Linda,m
Barrie,m
Darnell,m
Isidro,m
Wilkie,m
Rick,m
Ricky,m
Donna,m
Janice,m
Javier,m
Wendel,m
Erik,m
Lindell,m
Judy,m
Jeffry,m
Karen,m
Brendan,m
Darell,m
Mcarthur,m
Macarthur,m
Rickey,m
Rod,m
Niles,m
Jeremy,m
Susan,m
Walt,m
Lary,m
Jaime,m
Noe,m
Rocky,m
Derek,m
Les,m
Terrill,m
Russ,m
Timmy,m
Butch,m
Sean,m
Linden,m
Roddy,m
Rickie,m
Lenny,m
Rusty,m
Dane,m
Geary,m
Eusebio,m
Garey,m
Lucky,m
Gerardo,m
Gil,m
Richie,m
Carnell,m
Chad,m
Hank,m
Dorian,m
Rolando,m
Kip,m
Mikel,m
Jonathon,m
Stevan,m
Kris,m
Jody,m
Lyn,m
Zachary,m
Brett,m
Patric,m
Rory,m
Rand,m
Robby,m
Cornel,m
Shawn,m
Skip,m
Randel,m
Jed,m
Dirk,m
Brock,m
Deryl,m
Stevie,m
Derrick,m
Jerel,m
Cesar,m
Baron,m
Kathleen,m
Stefan,m
Donell,m
Corey,m
Kelvin,m
Ezzard,m
Tod,m
Shaun,m
Brant,m
Scot,m
Efrain,m
Stacey,m
Brandon,m
Marlon,m
Jory,m
Layne,m
Danniel,m
Michial,m
Ritchie,m
Edwardo,m
Kimberly,m
Ricki,m
Kurtis,m
Cory,m
Deborah,m
Scottie,m
Erasmo,m
Rudolfo,m
Lex,m
Rodrick,m
Daryle,m
Greggory,m
Darren,m
Mikeal,m
Trent,m
Michal,m
Theodis,m
Damian,m
Kimball,m
Michale,m
Wilfredo,m
Shane,m
Robbin,m
Kraig,m
Kirt,m
Chip,m
Randolf,m
Bret,m
Antony,m
Bradly,m
Faron,m
Blaise,m
Alvaro,m
Ricci,m
Dusty,m
Debra,m
Rock,m
Keven,m
Gavin,m
Kevan,m
Blane,m
Demetrius,m
Rahn,m
Barron,m
Heriberto,m
Jude,m
Levern,m
Darcy,m
Micky,m
Kennard,m
Davy,m
Tad,m
Rhett,m
Ty,m
Mitch,m
Jefferey,m
Dann,m
Timmothy,m
Broderick,m
Derwin,m
Chet,m
Quintin,m
Timmie,m
Tab,m
Tracey,m
Jace,m
Kem,m
Brion,m
Andrea,m
Cynthia,m
Kennth,m
Renaldo,m
Desi,m
Renard,m
Trevor,m
Kenney,m
Brien,m
Cheyenne,m
Derick,m
Robb,m
Devin,m
Kerwin,m
Grayling,m
Quinn,m
Wayde,m
Maverick,m
Tobin,m
Kristopher,m
Keenan,m
Diane,m
Cheryl,m
Reinaldo,m
Jamey,m
Darrin,m
Flint,m
Darin,m
Daren,m
Efrem,m
Kieth,m
Micah,m
Andra,m
Chaim,m
Raynard,m
Leif,m
Kennedy,m
Lisa,m
Darrick,m
Darry,m
Roel,m
Darron,m
Darryle,m
Stephon,m
Darryll,m
Brenda,m
Devon,m
Arnoldo,m
Kory,m
Regan,m
Brook,m
Shayne,m
Lorne,m
Parrish,m
Drake,m
Norberto,m
Kalvin,m
Pernell,m
Markus,m
Thor,m
Osvaldo,m
Anibal,m
Daron,m
Deon,m
Edgardo,m
Geoff,m
Tammy,m
Jayson,m
Rodrigo,m
Tyron,m
Dwyane,m
Stoney,m
Tal,m
Jaimie,m
Trenton,m
Andreas,m
Vinson,m
Pamela,m
Erin,m
Mauricio,m
Rigoberto,m
Roderic,m
Destry,m
Deron,m
Fitzgerald,m
Quint,m
Kipp,m
Trey,m
Kendrick,m
Deric,m
Terance,m
Antonia,m
Shon,m
Daryn,m
Darien,m
Darryn,m
Trace,m
Darian,m
Dario,m
Chadwick,m
Brain,m
Reginal,m
Heath,m
Jarrod,m
Michelle,m
Illya,m
Brenton,m
Michele,m
Dylan,m
Efren,m
Arron,m
Tyson,m
Cedrick,m
Dereck,m
Brennan,m
Jerrod,m
Garrick,m
Jennifer,m
Angela,m
Claudio,m
Derik,m
Octavio,m
Alfie,m
Brendon,m
Kristian,m
Shad,m
Ariel,m
Liam,m
Tina,m
Beau,m
Giuseppe,m
Franco,m
Dustin,m
Jamal,m
Damien,m
Waylon,m
Colby,m
Damion,m
Brenden,m
Korey,m
Tye,m
Rico,m
Darby,m
Melissa,m
Anthoney,m
Jade,m
Lamonte,m
Shan,m
Johnathon,m
Tory,m
Trever,m
Lazaro,m
Jemal,m
Jamison,m
Aric,m
Ari,m
Donavan,m
Torrey,m
Torrance,m
Shanon,m
Chandler,m
Ali,m
Corwin,m
Amy,m
Jameson,m
Demetrios,m
Jasen,m
Davin,m
Cale,m
Jermaine,m
Malik,m
Jeromy,m
Jammie,m
Che,m
Bronson,m
Dax,m
Brandt,m
Kenyatta,m
Antione,m
Laron,m
Antwan,m
Branden,m
Dedric,m
Jayme,m
Kelsey,m
Torrence,m
Shea,m
Kenyon,m
Kristin,m
Shay,m
Corbin,m
Cristopher,m
Jeramy,m
Braden,m
Kenya,m
Dedrick,m
Tate,m
Germaine,m
Nigel,m
Jerod,m
Christoper,m
Chadd,m
Jarod,m
Tristan,m
Brannon,m
Jeremey,m
Deandre,m
Kiley,m
Donavon,m
Sedrick,m
Hassan,m
Jamel,m
Jeramie,m
Marcelo,m
Coby,m
Deshawn,m
Toriano,m
Kwame,m
Kasey,m
Demian,m
Kristofer,m
Paulo,m
Donte,m
Jarred,m
Demond,m
Kareem,m
Vidal,m
Zachariah,m
Jamar,m
Abdul,m
Jermain,m
Tremayne,m
Jeremie,m
Marlo,m
Lashawn,m
Brandy,m
Josue,m
Jabbar,m
Kristoffer,m
Diallo,m
Tito,m
Damond,m
Nicole,m
Dameon,m
Rahsaan,m
Nathanael,m
Abelardo,m
Cade,m
Vashon,m
Taurus,m
Chadrick,m
Tarik,m
Marcello,m
Dominique,m
Donta,m
Moshe,m
Zachery,m
Jevon,m
Stephanie,m
Nakia,m
Telly,m
Ahmad,m
Jamil,m
Toma,m
Trinity,m
Jereme,m
Dejuan,m
Jabari,m
Ahmed,m
Heather,m
Demarcus,m
Antwon,m
Jered,m
Rashad,m
Kristen,m
Mauro,m
Benji,m
Tavares,m
Marques,m
Rasheed,m
Jerad,m
Corry,m
Cristobal,m
Deangelo,m
Karim,m
Sharif,m
Demarco,m
Kareen,m
Rebecca,m
Raheem,m
Jamaal,m
Jovan,m
Seneca,m
Jermey,m
Torey,m
Hakim,m
Cortney,m
Jamin,m
Javon,m
Zackary,m
Ezequiel,m
Jerimy,m
Muhammad,m
Jameel,m
Brody,m
Jaron,m
Dimitrios,m
Taj,m
Tanner,m
Torry,m
Amir,m
Levar,m
Lavar,m
Kunta,m
Jedediah,m
Jerimiah,m
Kinte,m
Rashawn,m
Jeramiah,m
Jessica,m
Jedidiah,m
Amin,m
Rian,m
Conor,m
Lydell,m
Davon,m
Kaleb,m
Samir,m
Zackery,m
Khalid,m
Bo,m
Cristian,m
Demetric,m
Horacio,m
Anwar,m
Nicholaus,m
Kenji,m
Nikolas,m
Demario,m
Johnpaul,m
Nicklaus,m
Jarret,m
Kody,m
Antwain,m
Dequan,m
Lukas,m
Christina,m
Deshaun,m
Juston,m
Hasan,m
Jeb,m
Amanda,m
Andrae,m
Kendell,m
Tucker,m
Keon,m
Garett,m
Amit,m
Omari,m
Tyrell,m
Mohammad,m
Bryson,m
Tyrel,m
Tremaine,m
Jarrad,m
Rustin,m
Kai,m
Justen,m
Keegan,m
Chaz,m
Yoel,m
Jarad,m
Jessy,m
Bjorn,m
Brandan,m
Dustan,m
Isaias,m
Kellen,m
Skyler,m
Marchello,m
Mohammed,m
Johathan,m
Adalberto,m
Connor,m
Dontae,m
Taurean,m
Skylar,m
Mohamed,m
Colt,m
Kiel,m
Colton,m
Eliezer,m
Darrius,m
Tuan,m
Hung,m
Long,m
Lamarcus,m
Justine,m
Huy,m
Akeem,m
Cassidy,m
Devan,m
Martell,m
Remington,m
Jacoby,m
Jakob,m
Trumaine,m
Marquise,m
Deven,m
Crystal,m
Ryne,m
Coty,m
Grayson,m
Jerrad,m
Jarrell,m
Baby,m
Brandin,m
Alonso,m
Danielle,m
Tavon,m
Travon,m
Deonte,m
Rachel,m
Kameron,m
Tavaris,m
Tylor,m
Jairo,m
Durell,m
Durrell,m
Channing,m
Jaymes,m
Dakota,m
Keaton,m
Ulises,m
Brandyn,m
Mackenzie,m
Maximilian,m
Uriel,m
Terell,m
Kale,m
Dandre,m
Kolby,m
Joshuah,m
Martez,m
Rayshawn,m
Dangelo,m
Derrek,m
Cordero,m
Jayce,m
Yaakov,m
Kyler,m
Alexandro,m
Zechariah,m
Giancarlo,m
Garrison,m
Spenser,m
Austen,m
Payton,m
Kalen,m
Kane,m
Mychal,m
Conner,m
Cordaro,m
Dashawn,m
Holden,m
Octavius,m
Rashaad,m
Montrell,m
Jaren,m
Joseluis,m
Trevin,m
Brennen,m
Kegan,m
Camron,m
Colten,m
Codey,m
Arsenio,m
Jaquan,m
Geraldo,m
Kelby,m
Jamarcus,m
Marquez,m
Dominque,m
Brittany,m
Ridge,m
Mikhail,m
Brantley,m
Nico,m
Kade,m
Alexandre,m
Christop,m
Infant,m
Alexande,m
Hakeem,m
Kadeem,m
Gage,m
Khiry,m
Jasmine,m
Daquan,m
Niko,m
Rakeem,m
Nikko,m
Dionte,m
Samantha,m
Darion,m
Kendal,m
Kiara,m
Tiffany,m
Khalil,m
Najee,m
Ladarius,m
Stetson,m
Yosef,m
Trevon,m
Dimitri,m
Tevin,m
Denzel,m
Male,m
Laquan,m
Kiefer,m
Jorden,m
Ibrahim,m
Mykel,m
Kevon,m
Zakary,m
Aidan,m
Talon,m
Codie,m
Hernan,m
Camden,m
Deontae,m
Keenen,m
Misael,m
Devonte,m
Sage,m
Dillan,m
Gunnar,m
Shaquille,m
Dillion,m
Dylon,m
Storm,m
Domonique,m
Codi,m
Jaleel,m
Davion,m
Brayden,m
Denzell,m
Devante,m
Dijon,m
Keifer,m
Tariq,m
Babyboy,m
Sawyer,m
Desean,m
Deonta,m
Kolton,m
Justyn,m
Unnamed,m
Dejon,m
Bilal,m
Deante,m
Jalen,m
Tre,m
Davonte,m
Devonta,m
Javonte,m
Devontae,m
Deion,m
Demetri,m
Davante,m
Dyllan,m
Trae,m
Dondre,m
Tayler,m
Caden,m
Dakotah,m
Montel,m
Davonta,m
Dalvin,m
Tyshawn,m
Maximillian,m
Juwan,m
Tyquan,m
Kieran,m
Colter,m
Jaylen,m
Devyn,m
Savon,m
Deondre,m
Darrian,m
Dallin,m
Jordy,m
Mikal,m
Adonis,m
Kelton,m
Shaquan,m
Devaughn,m
Darrien,m
Austyn,m
Kaden,m
Darrion,m
Fredy,m
Montana,m
Kole,m
Syed,m
Demonte,m
Dakoda,m
Jaden,m
Keanu,m
Jaylon,m
Daulton,m
Shyheim,m
Markell,m
Menachem,m
Markel,m
Jayden,m
Khari,m
Trayvon,m
Gunner,m
Auston,m
Cain,m
Jaylin,m
River,m
Alek,m
Destin,m
Tyrin,m
Ryder,m
Armani,m
Kahlil,m
Bryton,m
Jonatan,m
Tristen,m
Triston,m
Raekwon,m
Tristin,m
Anfernee,m
Draven,m
Romello,m
Stone,m
Tristian,m
Easton,m
Treyvon,m
Aiden,m
Rashaan,m
Rohan,m
Killian,m
Phoenix,m
Greyson,m
Latrell,m
Brennon,m
Seamus,m
Isai,m
Branson,m
Damarcus,m
Mateo,m
Keshawn,m
Keyshawn,m
Trystan,m
Braeden,m
Brayan,m
Shamar,m
Keion,m
Raquan,m
Jair,m
Braydon,m
Shemar,m
Reilly,m
Reagan,m
Jaylan,m
Nasir,m
Abdullah,m
Dominik,m
Keagan,m
Kordell,m
Kobe,m
Gianni,m
Jaret,m
Koby,m
Nash,m
Rylan,m
Jaxon,m
Giovanny,m
Ronaldo,m
Coleton,m
Amari,m
Jarett,m
Keyon,m
Paxton,m
Landen,m
Raven,m
Jamari,m
Jovani,m
Jovanny,m
Keandre,m
Kenan,m
Jajuan,m
Ryley,m
Nikhil,m
Tyrese,m
Tyrek,m
Zion,m
Declan,m
Savion,m
Kamron,m
Jadon,m
Tyrique,m
Tahj,m
Tyriq,m
Tyreek,m
Izaiah,m
Tavian,m
Jacquez,m
Alessandro,m
Kyree,m
Tyrik,m
Jordi,m
Jalon,m
Mekhi,m
Jelani,m
Matteo,m
Johan,m
Hamza,m
Brycen,m
Jovany,m
Miguelangel,m
Jensen,m
Rahul,m
Christion,m
Judah,m
Konnor,m
Kylan,m
Jaiden,m
Tyreke,m
Cayden,m
Jett,m
Zaire,m
Jaydon,m
Korbin,m
Tyreese,m
Braedon,m
Jaxson,m
Xander,m
Camren,m
Semaj,m
Ean,m
Gaven,m
Karson,m
Trevion,m
Ayden,m
Rey,m
Tavion,m
Braiden,m
Kadin,m
Arman,m
Aditya,m
Rowan,m
Bridger,m
Kayden,m
Elian,m
Luca,m
Finn,m
Kaiden,m
Sincere,m
Maximus,m
Xzavier,m
Blaze,m
Gaige,m
London,m
Keshaun,m
Sabastian,m
Kavon,m
Kian,m
Brodie,m
Jaeden,m
Javion,m
Jamir,m
Maxim,m
Alexzander,m
Kamren,m
Zander,m
Dayne,m
Isaak,m
Jaheim,m
Jagger,m
Oswaldo,m
Ronan,m
Haden,m
Jadyn,m
Immanuel,m
Alijah,m
Jakobe,m
Imanol,m
Jordyn,m
Zain,m
Yusuf,m
Gavyn,m
Pranav,m
Yehuda,m
Daunte,m
Caiden,m
Arjun,m
Jahiem,m
Zavier,m
Mustafa,m
Rylee,m
Giovani,m
Jovanni,m
Omarion,m
Yahir,m
Amarion,m
Gael,m
Cael,m
Treyton,m
Aryan,m
Jaheem,m
Malakai,m
Javen,m
Lisandro,m
Santino,m
Adriel,m
Ethen,m
Luc,m
Maximo,m
Cason,m
Gannon,m
Jaquez,m
Bradyn,m
Jase,m
Zayne,m
Osbaldo,m
Maddox,m
Jamarion,m
Yair,m
Aydan,m
Konner,m
Damarion,m
Jahir,m
Enzo,m
Cannon,m
Kamari,m
Kaeden,m
Ryker,m
Soren,m
Mordechai,m
Cristofer,m
Ryland,m
Zaid,m
Arnav,m
Canyon,m
Kanye,m
Kyan,m
Cohen,m
Braylon,m
Davian,m
Jaidyn,m
Demarion,m
Landyn,m
Luka,m
Braulio,m
Andon,m
Aydin,m
Matias,m
Jaydin,m
Deacon,m
Teagan,m
Kamden,m
Malaki,m
Koda,m
Rhys,m
Haiden,m
Tayshaun,m
Jayvon,m
Trenten,m
Rishi,m
Kason,m
Talan,m
Amare,m
Makai,m
Braylen,m
Kadyn,m
Leandro,m
Aedan,m
Finnegan,m
Karter,m
Damari,m
Messiah,m
Makhi,m
Camryn,m
Gauge,m
Jax,m
Adin,m
Krish,m
Yandel,m
Beckett,m
Kael,m
Bode,m
Koen,m
Zayden,m
Santana,m
Landin,m
Talen,m
Kasen,m
Aidyn,m
Jasiah,m
Memphis,m
Kingston,m
Landan,m
Case,m
Coen,m
Izayah,m
Anders,m
Brogan,m
Madden,m
Slade,m
Kellan,m
Jaydan,m
Nery,m
Rayan,m
Dereon,m
Yael,m
Raiden,m
Nikolai,m
Yurem,m
Lyric,m
Kelan,m
Tegan,m
Kamryn,m
Jayvion,m
Ronin,m
Daxton,m
Aaden,m
Chace,m
Marley,m
Kash,m
Kymani,m
Ishaan,m
Jadiel,m
Urijah,m
Eden,m
Zaiden,m
Ayaan,m
Aarav,m
Tripp,m
Geovanni,m
Yadiel,m
Kyson,m
Callum,m
Deegan,m
Lennon,m
Abdiel,m
Carsen,m
Kolten,m
Stella,f
Sallie,f
Nettie,f
Etta,f
Harriet,f
Sadie,f
Katie,f
Lydia,f
Kate,f
Mollie,f
Lulu,f
Nannie,f
Lottie,f
Belle,f
Charlotte,f
Amelia,f
Hannah,f
Jane,f
Emily,f
Matilda,f
Henrietta,f
Sara,f
Estella,f
Theresa,f
Josie,f
Sophia,f
Anne,f
Delia,f
Louisa,f
Mayme,f
Estelle,f
Nina,f
Bettie,f
Luella,f
Inez,f
Lela,f
Rosie,f
Millie,f
Janie,f
Cornelia,f
Victoria,f
Celia,f
Christine,f
Birdie,f
Harriett,f
Mable,f
Myra,f
Sophie,f
Tillie,f
Isabel,f
Sylvia,f
Isabelle,f
Leila,f
Sally,f
Ina,f
Nell,f
Alberta,f
Katharine,f
Rena,f
Mina,f
Mathilda,f
Dollie,f
Hettie,f
Fanny,f
Lenora,f
Adelaide,f
Lelia,f
Nelle,f
Sue,f
Johanna,f
Lilly,f
Lucinda,f
Minerva,f
Lettie,f
Roxie,f
Helena,f
Hilda,f
Hulda,f
Genevieve,f
Cordelia,f
Jeanette,f
Adeline,f
Leah,f
Lura,f
Mittie,f
Isabella,f
Olga,f
Phoebe,f
Teresa,f
Lida,f
Lina,f
Marguerite,f
Claudia,f
Cecelia,f
Bess,f
Emilie,f
Rosetta,f
Myrtie,f
Cecilia,f
Olivia,f
Ophelia,f
Elnora,f
Violet,f
Adele,f
Lily,f
Loretta,f
Madge,f
Polly,f
Eugenia,f
Lucile,f
Mabelle,f
Rosalie,f
Kittie,f
Meta,f
Angie,f
Georgiana,f
Lila,f
Regina,f
Selma,f
Wilhelmina,f
Bridget,f
Lilla,f
Malinda,f
Vina,f
Freda,f
Gertie,f
Jeannette,f
Louella,f
Mandy,f
Roberta,f
Corinne,f
Lyda,f
Naomi,f
Norma,f
Margie,f
Nona,f
Zella,f
Dovie,f
Elvira,f
Erma,f
Irma,f
Leota,f
Blanch,f
Charity,f
Lorena,f
Lucretia,f
Orpha,f
Alvina,f
Annette,f
Catharine,f
Elma,f
Geneva,f
Leora,f
Lona,f
Miriam,f
Zora,f
Octavia,f
Sudie,f
Zula,f
Adella,f
Frieda,f
Joanna,f
Leonora,f
Priscilla,f
Tennie,f
Angeline,f
Docia,f
Ettie,f
Flossie,f
Hanna,f
Letha,f
Minta,f
Retta,f
Rosella,f
Adah,f
Berta,f
Elisabeth,f
Elise,f
Leola,f
Margret,f
Adaline,f
Idella,f
Juanita,f
Lenna,f
Lucie,f
Missouri,f
Nola,f
Zoe,f
Eda,f
Isabell,f
Julie,f
Letitia,f
Madeline,f
Malissa,f
Mariah,f
Pattie,f
Almeda,f
Aurelia,f
Dolly,f
Jannie,f
Kathrine,f
Lavinia,f
Marietta,f
Melvina,f
Ona,f
Pinkie,f
Susanna,f
Chloe,f
Elsa,f
Matie,f
Pearle,f
Vesta,f
Vinnie,f
Antoinette,f
Clementine,f
Edythe,f
Harriette,f
Libbie,f
Lilian,f
Lutie,f
Magdalena,f
Meda,f
Rita,f
Tena,f
Zelma,f
Adelia,f
Annetta,f
Dona,f
Elizebeth,f
Georgianna,f
Gracie,f
Iona,f
Leta,f
Liza,f
Mertie,f
Molly,f
Neva,f
Oma,f
Alida,f
Cecile,f
Ernestine,f
Evie,f
Helene,f
Minna,f
Myrta,f
Prudence,f
Queen,f
Rilla,f
Savannah,f
Tessie,f
Agatha,f
America,f
Anita,f
Arminta,f
Dorothea,f
Luvenia,f
Marjorie,f
Maybelle,f
Mellie,f
Nan,f
Velma,f
Constance,f
Ila,f
Iola,f
Louvenia,f
Lucia,f
Ludie,f
Luna,f
Metta,f
Phebe,f
Sophronia,f
Adda,f
Avis,f
Betsy,f
Cordie,f
Emmaline,f
Ethelyn,f
Hortense,f
Marcella,f
Melinda,f
Mona,f
Odessa,f
Veronica,f
Aimee,f
Annabel,f
Ava,f
Bella,f
Carolina,f
Cathrine,f
Christena,f
Dena,f
Eleanore,f
Elmira,f
Jenny,f
Kizzie,f
Loula,f
Magdalene,f
Mettie,f
Mintie,f
Peggy,f
Reba,f
Serena,f
Vida,f
Zada,f
Abigail,f
Celestine,f
Celina,f
Daisie,f
Dessa,f
Easter,f
Emelia,f
Emmie,f
Imogene,f
India,f
Jeanne,f
Lenore,f
Liddie,f
Lotta,f
Mame,f
Nevada,f
Rachael,f
Sina,f
Willa,f
Aline,f
Daisey,f
Dorcas,f
Edmonia,f
Effa,f
Eldora,f
Eloise,f
Emmer,f
Era,f
Gena,f
Iris,f
Izora,f
Lissie,f
Mallie,f
Malvina,f
Mathilde,f
Mazie,f
Queenie,f
Rosina,f
Salome,f
Theodora,f
Therese,f
Vena,f
Wanda,f
Wilda,f
Altha,f
Anastasia,f
Besse,f
Birtie,f
Clarissa,f
Delilah,f
Diana,f
Emelie,f
Erna,f
Florida,f
Frona,f
Hilma,f
Juliet,f
Leonie,f
Lugenia,f
Mammie,f
Manda,f
Manerva,f
Manie,f
Nella,f
Paulina,f
Philomena,f
Selina,f
Sena,f
Theodosia,f
Una,f
Adela,f
Althea,f
Amalia,f
Amber,f
Angelina,f
Annabelle,f
Anner,f
Arie,f
Clarice,f
Corda,f
Corrie,f
Dellar,f
Donie,f
Elda,f
Elinor,f
Emeline,f
Emilia,f
Etha,f
Indiana,f
Ione,f
Josiephine,f
Kitty,f
Lavina,f
Leda,f
Letta,f
Mahala,f
Marcia,f
Margarette,f
Maudie,f
Maye,f
Norah,f
Patty,f
Paula,f
Permelia,f
Rosalia,f
Roxanna,f
Sula,f
Vada,f
Winnifred,f
Adline,f
Almira,f
Alvena,f
Arizona,f
Becky,f
Bernadette,f
Cordia,f
Corine,f
Dicie,f
Dove,f
Drusilla,f
Elena,f
Elenora,f
Elmina,f
Ethyl,f
Evalyn,f
Evelina,f
Faye,f
Huldah,f
Idell,f
Inga,f
Irena,f
Kattie,f
Lavenia,f
Lovina,f
Lulie,f
Magnolia,f
Margeret,f
Margery,f
Media,f
Millicent,f
Nena,f
Orilla,f
Pansy,f
Rosia,f
Rowena,f
Tabitha,f
Verdie,f
Zetta,f
Zoa,f
Zona,f
Albertina,f
Albina,f
Alyce,f
Amie,f
Annis,f
Carra,f
Clarinda,f
Delphia,f
Dillie,f
Doshie,f
Drucilla,f
Etna,f
Eugenie,f
Eulalia,f
Eve,f
Felicia,f
Florance,f
Fronie,f
Geraldine,f
Gina,f
Glenna,f
Grayce,f
Hedwig,f
Jossie,f
Katheryn,f
Katy,f
Leanna,f
Leitha,f
Leone,f
Lidie,f
Loma,f
Lular,f
Magdalen,f
Maymie,f
Minervia,f
Muriel,f
Neppie,f
Onie,f
Osa,f
Otelia,f
Paralee,f
Patience,f
Rella,f
Rillie,f
Rosanna,f
Tilda,f
Tishie,f
Tressa,f
Viva,f
Yetta,f
Zena,f
Zola,f
Abby,f
Aileen,f
Alda,f
Alla,f
Alverta,f
Ara,f
Ardelia,f
Ardella,f
Arrie,f
Arvilla,f
Aurora,f
Bama,f
Bena,f
Calla,f
Camilla,f
Carlotta,f
Celestia,f
Cherry,f
Cinda,f
Classie,f
Claudine,f
Clemie,f
Clyda,f
Creola,f
Debbie,f
Dinah,f
Doshia,f
Ednah,f
Edyth,f
Eleanora,f
Electa,f
Eola,f
Eudora,f
Euphemia,f
Evalena,f
Evaline,f
Faith,f
Fidelia,f
Golda,f
Helma,f
Hermine,f
Hessie,f
Ivah,f
Janette,f
Jennette,f
Joella,f
Kathryne,f
Lanie,f
Lauretta,f
Leana,f
Leatha,f
Liller,f
Lillis,f
Louetta,f
Madie,f
Mai,f
Martina,f
Maryann,f
Melva,f
Mena,f
Mercedes,f
Mima,f
Minda,f
Monica,f
Nealie,f
Netta,f
Nolia,f
Nonie,f
Odelia,f
Ottilie,f
Phyllis,f
Sabina,f
Sada,f
Suzanne,f
Sybilla,f
Thea,f
Tressie,f
Vallie,f
Venie,f
Viney,f
Wilhelmine,f
Winona,f
Zelda,f
Zilpha,f
Adelle,f
Adina,f
Adrienne,f
Albertine,f
Alys,f
Ana,f
Araminta,f
Birtha,f
Bulah,f
Caddie,f
Celie,f
Charlotta,f
Concepcion,f
Cordella,f
Corrine,f
Delila,f
Delphine,f
Dosha,f
Elaine,f
Elisa,f
Ellar,f
Elmire,f
Elvina,f
Ena,f
Estie,f
Etter,f
Fronnie,f
Georgina,f
Gracia,f
Gwendolyn,f
Hassie,f
Honora,f
Icy,f
Isa,f
Isadora,f
Johannah,f
Juana,f
Junie,f
Lavonia,f
Lella,f
Lemma,f
Letty,f
Linna,f
Littie,f
Lollie,f
Lorene,f
Lovisa,f
Lucina,f
Madora,f
Mahalia,f
Manervia,f
Manuela,f
Margarett,f
Margaretta,f
Margarita,f
Marilla,f
Mignon,f
Mozella,f
Natalie,f
Nelia,f
Nolie,f
Omie,f
Ottilia,f
Parthenia,f
Penelope,f
Pinkey,f
Pollie,f
Rennie,f
Reta,f
Roena,f
Rosalee,f
Roseanna,f
Ruthie,f
Sabra,f
Sannie,f
Selena,f
Sibyl,f
Tella,f
Tempie,f
Tennessee,f
Teressa,f
Texas,f
Theda,f
Thursa,f
Ula,f
Vannie,f
Verona,f
Vertie,f
Wilma,f
Adell,f
Aggie,f
Alcie,f
Alfreda,f
Alicia,f
Allene,f
Almyra,f
Anastacia,f
Aria,f
Arminda,f
Aura,f
Avie,f
Berdie,f
Buena,f
Calista,f
Cammie,f
Cara,f
Celesta,f
Celeste,f
Chaney,f
Chanie,f
Charlottie,f
Chrissie,f
Christene,f
Christiana,f
Cleora,f
Clora,f
Coralie,f
Dayse,f
Delfina,f
Deliah,f
Delina,f
Delle,f
Dicy,f
Donia,f
Dulcie,f
Edwina,f
Ela,f
Eleonora,f
Elta,f
Elzada,f
Emaline,f
Eulah,f
Eulalie,f
Euna,f
Zadie,f
Eveline,f
Lelah,f
Nanie,f
Petra,f
Glennie,f
Juliette,f
Mercy,f
Miranda,f
Nana,f
Zilpah,f
Almedia,f
Byrdie,f
Claribel,f
Coral,f
Exie,f
Malissie,f
Myrtice,f
Narcissus,f
Rosamond,f
Theresia,f
Valeria,f
Vessie,f
Victorine,f
Arabella,f
Dottie,f
Flo,f
Fredericka,f
Gusta,f
Icie,f
Lillia,f
Lota,f
Nathalie,f
Nita,f
Ota,f
Ramona,f
Texie,f
Zillah,f
Aida,f
Arra,f
Belva,f
Biddie,f
Bula,f
Carry,f
Crete,f
Dossie,f
Evangeline,f
Flavia,f
Fleta,f
Fronia,f
Gillie,f
Jinnie,f
Katharina,f
Mirtie,f
Mora,f
Ninnie,f
Rettie,f
Rozella,f
Sofia,f
Sybil,f
Sylvania,f
Tilla,f
Ursula,f
Veda,f
Zaida,f
Zenobia,f
Aletha,f
Ason,f
Bina,f
Chloie,f
Christie,f
Corean,f
Corinna,f
Elodie,f
Epsie,f
Exa,f
Georgine,f
Gretta,f
Henriette,f
Jemima,f
Jo,f
Josefa,f
Juliana,f
Katharyn,f
Lavada,f
Leonore,f
Levina,f
Libby,f
Lilie,f
Louanna,f
Mabell,f
Madeleine,f
Marinda,f
Mila,f
Neta,f
Orlena,f
Ozella,f
Ressie,f
Rosena,f
Rosey,f
Senora,f
Siddie,f
Susana,f
Susanne,f
Texanna,f
Tiney,f
Tinie,f
Tiny,f
Achsah,f
Agness,f
Ala,f
Alabama,f
Alexina,f
Altie,f
Ama,f
Amalie,f
Amelie,f
Amey,f
Amma,f
Ammie,f
Anie,f
Annabell,f
Arta,f
Attie,f
Audra,f
Azzie,f
Cathryn,f
Cena,f
Chestina,f
Crissie,f
Cyntha,f
Daisye,f
Dellia,f
Delta,f
Dema,f
Dezzie,f
Dola,f
Dollye,f
Eithel,f
Elba,f
Elfrieda,f
Elna,f
Emogene,f
Enola,f
Verda,f
Gretchen,f
Hermina,f
Nelly,f
Eller,f
Hetty,f
Luetta,f
Pennie,f
Rosemary,f
Beckie,f
Buna,f
Caldonia,f
Candace,f
Edla,f
Florrie,f
Luisa,f
Myrtis,f
Trudie,f
Agusta,f
Alphonsine,f
Dellie,f
Delpha,f
Kathyrn,f
Loretto,f
Lucindy,f
Maybell,f
Odile,f
Orah,f
Prudie,f
Rhea,f
Rinda,f
Rosy,f
Roxy,f
Sarrah,f
Susannah,f
Tula,f
Alwina,f
Arah,f
Bernadine,f
Capitola,f
Cathern,f
Columbia,f
Eileen,f
Elizbeth,f
Eura,f
Hennie,f
Henretta,f
Ivie,f
Jeanie,f
Justina,f
Leaner,f
Leonia,f
Lorraine,f
Lucetta,f
Macie,f
Mahalie,f
Marry,f
Novella,f
Olevia,f
Phillis,f
Philomene,f
Salina,f
Sinda,f
Tinnie,f
Vashti,f
Vella,f
Veva,f
Vicy,f
Zita,f
Affie,f
Albertha,f
Anabel,f
Artelia,f
Barbra,f
Beaulah,f
Bertina,f
Birdella,f
Blossom,f
Carmela,f
Carolyne,f
Cilla,f
Denise,f
Dorthea,f
Eleonore,f
Fairy,f
Fannye,f
Franc,f
Francina,f
Francisca,f
Genevra,f
Helga,f
Iza,f
Jeanetta,f
Jeannie,f
Jerusha,f
Lisette,f
Loda,f
Luda,f
Lynda,f
Marget,f
Mariam,f
Modena,f
Nanna,f
Nelie,f
Olena,f
Lelar,f
Matilde,f
Simona,f
Thora,f
Angelita,f
Berenice,f
Dagmar,f
Dina,f
Ema,f
Florine,f
Loraine,f
Maida,f
Missie,f
Arline,f
Beatrix,f
Dorathea,f
Elenor,f
Gertha,f
Lesta,f
Rebekah,f
Almina,f
Arlena,f
Dot,f
Elfie,f
Ermine,f
Francisqui,f
Georgeanna,f
Glendora,f
Leontine,f
Leva,f
Litha,f
Luberta,f
Marianna,f
Parlee,f
Pearla,f
Sister,f
Thresa,f
Alene,f
Alverda,f
Antonette,f
Argie,f
Arkie,f
Arletta,f
Bea,f
Bettye,f
Cappie,f
Caro,f
Cloe,f
Corene,f
Deetta,f
Elberta,f
Ether,f
Felicie,f
Frederica,f
Hellen,f
Icey,f
Ines,f
Junia,f
Laney,f
Lassie,f
Lockie,f
Lossie,f
Lovey,f
Marianita,f
Mattye,f
Rubie,f
Milly,f
Pluma,f
Ruie,f
Vira,f
Cleva,f
Gennie,f
Sadye,f
Vennie,f
Zettie,f
Clevie,f
Ferne,f
Maebelle,f
Maxine,f
Pearly,f
Savanah,f
Savilla,f
Valerie,f
Violetta,f
Adelina,f
Alzina,f
Annice,f
Beda,f
Clarabelle,f
Fleda,f
Goldia,f
Laila,f
Leala,f
Lilah,f
Lyla,f
Naoma,f
Nealy,f
Olivine,f
Rutha,f
Sussie,f
Theodocia,f
Vassie,f
Zina,f
Aurore,f
Beth,f
Channie,f
Freida,f
Georganna,f
Izetta,f
Kathern,f
Lady,f
Lala,f
Lilia,f
Lurana,f
Mozelle,f
Norine,f
Oney,f
Clotilde,f
Nova,f
Myrna,f
Medora,f
Hildur,f
Imo,f
Ragna,f
Vinie,f
Emmy,f
Hildegarde,f
Octa,f
Aurilla,f
Beula,f
Lera,f
Macy,f
Margrett,f
Melina,f
Pheobe,f
Alvira,f
Clella,f
Cornie,f
Dorotha,f
Dorthy,f
Dosia,f
Enid,f
Essa,f
Evelena,f
Genoveva,f
Greta,f
Ica,f
Ilma,f
Lalla,f
Lana,f
Leonor,f
Lolla,f
Lorna,f
Vergie,f
Mossie,f
Manuelita,f
Oline,f
Ima,f
Janey,f
Villa,f
Clytie,f
Ermina,f
Hertha,f
Margaretha,f
Melanie,f
Metha,f
Pricilla,f
Sigrid,f
Thekla,f
Berniece,f
Betha,f
Florie,f
Hilah,f
Isla,f
Judie,f
Lethia,f
Louisiana,f
Rubye,f
Silvia,f
Zelpha,f
Alwilda,f
Angele,f
Verlie,f
Zelia,f
Gunda,f
Octavie,f
Orelia,f
Retha,f
Signe,f
Anice,f
Carlota,f
Lurline,f
Luz,f
Opha,f
Ura,f
Vicie,f
Alwine,f
Carmelita,f
Clemma,f
Elia,f
Eloisa,f
Eppie,f
Gustie,f
Hazle,f
Lu,f
Ebba,f
Margarete,f
Myrle,f
Nadine,f
Pallie,f
Betsey,f
Cleta,f
Filomena,f
Orra,f
Arlene,f
Margretta,f
Pairlee,f
Zana,f
Francies,f
Marjory,f
Roxana,f
Cressie,f
Erla,f
Herma,f
Oliva,f
Rosalind,f
Chessie,f
Daphne,f
Lulah,f
Marvel,f
Monnie,f
Noemie,f
Gregoria,f
Josefina,f
Fleeta,f
Madaline,f
Hildred,f
Sibbie,f
Verena,f
Bernardine,f
Gerda,f
Hazelle,f
Nobie,f
Reva,f
Vonnie,f
Ethie,f
Jessye,f
Jetta,f
Signa,f
Delcie,f
Hildegard,f
Treva,f
Violette,f
Sylva,f
Twila,f
Concetta,f
Idabelle,f
Lulla,f
Mira,f
Nila,f
Olar,f
Velva,f
Yvonne,f
Evia,f
Willia,f
Dortha,f
Else,f
Freeda,f
Versa,f
Ilah,f
Maurine,f
Vernice,f
Elmyra,f
Madelyn,f
Cannie,f
Carmella,f
Cliffie,f
Ever,f
Leafy,f
Olinda,f
Virdie,f
Allena,f
Clotilda,f
Elida,f
Elvera,f
Fae,f
Josefita,f
Lurena,f
Versie,f
Vivien,f
Melba,f
Alline,f
Elfreda,f
Verla,f
Ouida,f
Flonnie,f
Palma,f
Consuelo,f
Lorine,f
Venus,f
Hasel,f
Noma,f
Virgia,f
Alleen,f
Mavis,f
Nelda,f
Trilby,f
Adel,f
Buelah,f
Milda,f
Velda,f
Bernetta,f
Neoma,f
Gaynell,f
Laurette,f
Coletta,f
Zela,f
Zeta,f
Manila,f
Manilla,f
Cuba,f
Earline,f
Vlasta,f
Jacqueline,f
Onnie,f
Vara,f
Alena,f
Ilo,f
Imelda,f
Ardis,f
Delores,f
Irva,f
Gwen,f
Tomasa,f
Veta,f
Berneice,f
Lempi,f
Eathel,f
Marybelle,f
Chrystal,f
Elvia,f
Ilene,f
Margarite,f
Marianne,f
Odette,f
Antonina,f
Delsie,f
Portia,f
Reatha,f
Aleen,f
Almeta,f
Lilyan,f
Jaunita,f
Luvinia,f
Alvera,f
Allean,f
Dagny,f
Leoma,f
Oleta,f
Trula,f
Ethyle,f
Ingeborg,f
Jeane,f
Laurine,f
Lorean,f
Marge,f
Margueritta,f
Mozell,f
Norene,f
Oneta,f
Lolita,f
Elouise,f
Cathleen,f
Bette,f
Earnestine,f
Florene,f
Laverna,f
Rafaela,f
Thyra,f
Loyce,f
Cleda,f
Pearline,f
Ceola,f
Lavera,f
Marcelle,f
Romaine,f
Rosalyn,f
Augustina,f
Bonita,f
Dominga,f
Girtha,f
Isobel,f
Anona,f
Syble,f
Edris,f
Santa,f
Theola,f
Veola,f
Ceil,f
Madlyn,f
Vernia,f
Ellamae,f
Irine,f
Linnea,f
Madalyn,f
Roslyn,f
Edrie,f
Vincenza,f
Yolanda,f
Edra,f
Orma,f
Ilda,f
Ardath,f
Renee,f
Astrid,f
Beadie,f
Doretha,f
Neola,f
Vela,f
Wava,f
Evelyne,f
Dimple,f
Annamae,f
Elease,f
Williemae,f
Rosaline,f
Charline,f
Charlene,f
Joanne,f
Theta,f
Deloris,f
Maureen,f
Rosabelle,f
Gilda,f
Herminia,f
Afton,f
Margurite,f
Clydie,f
Izola,f
Rosemarie,f
Arnetta,f
Gladyce,f
Floretta,f
Merna,f
Nedra,f
Clementina,f
Launa,f
Sonia,f
Aili,f
Gladis,f
Alease,f
Madonna,f
Azalee,f
Colleen,f
Darlene,f
Macel,f
Cleola,f
Loree,f
Stephania,f
Joann,f
Antonetta,f
Arietta,f
Vivienne,f
Elinore,f
Benita,f
Glenda,f
Earlene,f
Arleen,f
Blanchie,f
Vilma,f
Erline,f
Felice,f
Georgette,f
Yvette,f
Assunta,f
Helyn,f
Lavonne,f
Audry,f
Dorathy,f
Stasia,f
Vita,f
Jayne,f
Maebell,f
Mafalda,f
Olympia,f
Masako,f
Stacia,f
Domenica,f
Ingrid,f
Wynona,f
Bernita,f
Carole,f
Elenore,f
Waneta,f
Esperanza,f
Madelene,f
Roselyn,f
Kathlyn,f
Ardith,f
Venita,f
Santina,f
Maryjane,f
Orene,f
Noreen,f
Antionette,f
Margot,f
Dawn,f
Lahoma,f
Alexandra,f
Maryellen,f
Ruthe,f
Cleone,f
Kathaleen,f
Aldona,f
Janis,f
Christeen,f
Dorine,f
Caryl,f
Francine,f
Rosaria,f
Erlene,f
Georgetta,f
Olene,f
Sheila,f
Georgene,f
Yoshiko,f
Delora,f
Lavelle,f
Idamae,f
Michelina,f
Catalina,f
Liberty,f
Victory,f
Beverley,f
Laurene,f
Marilynn,f
Jeraldine,f
Marylou,f
Jacquelyn,f
Oneida,f
Concha,f
Marina,f
Doreen,f
Haruko,f
Felipa,f
Socorro,f
Elois,f
Toshiko,f
Carlene,f
Fumiko,f
Soledad,f
Gearldine,f
Shirlee,f
Merry,f
Clarine,f
Lorayne,f
Marlene,f
Kiyoko,f
Elwanda,f
Elayne,f
Darline,f
Arlyne,f
Marlys,f
Mardell,f
Willene,f
Inell,f
Venice,f
Ofelia,f
Peggie,f
Beatriz,f
Rochelle,f
Leatrice,f
Billye,f
Darleen,f
Hortencia,f
Ethelene,f
Marylouise,f
Eris,f
Bettyjane,f
Penny,f
Dorene,f
Toni,f
Lynette,f
Vonda,f
Amparo,f
Bebe,f
Phylis,f
Bettylou,f
Wanita,f
Marceline,f
Vernelle,f
Ernestina,f
Doloris,f
Delois,f
Nanette,f
Ardelle,f
Natalia,f
Estela,f
Sherry,f
Twyla,f
Jacquelin,f
Enriqueta,f
Bobbye,f
Patti,f
Lorrayne,f
Janell,f
Ladonna,f
Nada,f
Carla,f
Evangelina,f
Willodean,f
Charleen,f
Coleen,f
Illa,f
Shirlie,f
Ailene,f
Erlinda,f
Lita,f
Marilou,f
Lawanda,f
Charmaine,f
Cherie,f
Sonya,f
Raquel,f
Hortensia,f
Valencia,f
Jocelyn,f
Kazuko,f
Joye,f
Lidia,f
Roseann,f
Earlean,f
Jeannine,f
Romona,f
Jeanine,f
Joline,f
Felicitas,f
Carma,f
Marva,f
Colette,f
Sondra,f
Marilee,f
Jolene,f
Jovita,f
Dorla,f
Dianne,f
Margy,f
Velia,f
Margene,f
Beverlee,f
Maryanne,f
Joycelyn,f
Merlene,f
Oralia,f
Sydell,f
Jill,f
Ardeth,f
Armida,f
Marylin,f
Sonja,f
Laquita,f
Julianne,f
Nannette,f
Margo,f
Claudette,f
Arla,f
Charlsie,f
Marylyn,f
Mitzi,f
Patrica,f
Eartha,f
Herlinda,f
Trudy,f
Verdell,f
Joretta,f
Marsha,f
Verlene,f
Lynne,f
Mariann,f
Joetta,f
Rosanne,f
Belia,f
Janelle,f
Merilyn,f
Ardyce,f
Rosita,f
Celine,f
Carleen,f
Carolee,f
Dian,f
Dorthey,f
Kathy,f
Marita,f
Thomasina,f
Marta,f
Thalia,f
Nira,f
Sharlene,f
Rheta,f
Jerrie,f
Ginger,f
Jacklyn,f
Elissa,f
Paulette,f
Monna,f
Joellen,f
Lavona,f
Bonny,f
Luanne,f
Saundra,f
Luann,f
Pearlene,f
Nancie,f
Shirlene,f
Marcelina,f
Vicki,f
Karol,f
Louann,f
Alison,f
Marylee,f
Sharron,f
Cathy,f
Darla,f
Norita,f
Gaye,f
Jeri,f
Loris,f
Shirleyann,f
Carolynn,f
Marla,f
Evonne,f
Darlyne,f
Vernetta,f
Rhonda,f
Shelba,f
Shelva,f
Deanna,f
Karla,f
Tanya,f
Annmarie,f
Wendy,f
Ruthann,f
Sherrie,f
Carolann,f
Evon,f
Sheryl,f
Jacquline,f
Karlene,f
Glennis,f
Karin,f
Marleen,f
Roxanne,f
Harlene,f
Annamarie,f
Jacque,f
Maralyn,f
Shari,f
Larae,f
Gayla,f
Deanne,f
Dianna,f
Simone,f
Leilani,f
Vickie,f
Diann,f
Karolyn,f
Deann,f
Noretta,f
Shelvia,f
Shelvie,f
Shelia,f
Janyce,f
Jonell,f
Marolyn,f
Mimi,f
Noreta,f
Roseanne,f
Lorelei,f
Vicky,f
Helaine,f
Maryjo,f
Deana,f
Janine,f
Ronda,f
Leanne,f
Cindy,f
Judi,f
Karel,f
Karon,f
Glynda,f
Tamara,f
Suzann,f
Fran,f
Nanci,f
April,f
Hedy,f
Mari,f
Jannette,f
Jerri,f
Heidi,f
Dotty,f
Suellen,f
Lonna,f
Kathie,f
Ilona,f
Laraine,f
Susann,f
Rona,f
Sharen,f
Lynnette,f
Scarlett,f
Belinda,f
Pam,f
Ruthanne,f
Juliann,f
Sherron,f
Donita,f
Georgiann,f
Jerilyn,f
Sharyn,f
Sherri,f
Suzan,f
Nyla,f
Trina,f
Judyth,f
Nikki,f
Sheri,f
Jana,f
Adrianne,f
Georgeann,f
Terri,f
Caren,f
Kristine,f
Geri,f
Jerilynn,f
Karan,f
Rosann,f
Cheri,f
Leann,f
Phyliss,f
Merrily,f
Melody,f
Kaaren,f
Cassandra,f
Aloma,f
Cathie,f
Sandi,f
Ronna,f
Karren,f
Jerrilyn,f
Sheron,f
Pauletta,f
Merrilee,f
Terrie,f
Tonya,f
Sunny,f
Karyn,f
Ginny,f
Charla,f
Tana,f
Charolette,f
Marcy,f
Cheryle,f
Kathi,f
Karyl,f
Candy,f
Sherryl,f
Luana,f
Rozanne,f
Carlyn,f
Jacquelynn,f
Caron,f
Suzette,f
Dorinda,f
Teri,f
Alana,f
Danna,f
Maribeth,f
Pamala,f
Rosalinda,f
Elyse,f
Pamella,f
Bobbi,f
Corliss,f
Cheryll,f
Graciela,f
Sherilyn,f
Deirdre,f
Gerri,f
Glinda,f
Mickie,f
Marybeth,f
Cherrie,f
Laureen,f
Patrice,f
Aleta,f
Candice,f
Kristina,f
Vickey,f
Nicki,f
Deena,f
Janeen,f
Meryl,f
Bettina,f
Robyn,f
Sharyl,f
Erica,f
Lani,f
Leslee,f
Deidre,f
Katrina,f
Kristi,f
Cherryl,f
Dayle,f
Randi,f
Lori,f
Jacalyn,f
Starr,f
Kendra,f
Suzanna,f
Debby,f
Valarie,f
Melodie,f
Annemarie,f
Michaele,f
Janna,f
Trudi,f
Sandie,f
Daria,f
Vikki,f
Rachelle,f
Tonia,f
Marcie,f
Candis,f
Shiela,f
Regenia,f
Debora,f
Maura,f
Caryn,f
Kristie,f
Lizabeth,f
Regena,f
Denice,f
Drema,f
Shirleen,f
Cathey,f
Cristina,f
Lyndia,f
Blanca,f
Fonda,f
Renae,f
Kathlene,f
Loreen,f
Shauna,f
Sharman,f
Valorie,f
Sanjuanita,f
Bethany,f
Christa,f
Sanjuana,f
Candyce,f
Lorrie,f
Tara,f
Pamelia,f
Kristy,f
Collette,f
Roxann,f
Debrah,f
Mindy,f
Krista,f
Leticia,f
Terese,f
Mara,f
Nicolette,f
Vanessa,f
Merrie,f
Debbra,f
Jenifer,f
Lourdes,f
Geralyn,f
Jaclyn,f
Sharleen,f
Lorie,f
Allyson,f
Angelia,f
Jann,f
Joleen,f
Christi,f
Esmeralda,f
Teena,f
Gwenda,f
Rhona,f
Brinda,f
Pandora,f
Jodi,f
Kimberley,f
Megan,f
Lauri,f
Paige,f
Deborrah,f
Joette,f
Lise,f
Jacqulyn,f
Milagros,f
Marlena,f
Roxane,f
Ellyn,f
Debera,f
Joni,f
Cindi,f
Tricia,f
Brooke,f
Doretta,f
Lorri,f
Danette,f
Marci,f
Alisa,f
Kari,f
Lesa,f
Francesca,f
Lanette,f
Sharla,f
Kimberlee,f
Zandra,f
Sheree,f
Sabrina,f
Valinda,f
Sherie,f
Joanie,f
Starla,f
Merri,f
Kerri,f
Leeann,f
Vernita,f
Cherri,f
Bambi,f
Renita,f
Janel,f
Desiree,f
Denese,f
Roni,f
Sheilah,f
Athena,f
Jeryl,f
Danita,f
Gisele,f
Sherree,f
Debi,f
Kandy,f
Felecia,f
Migdalia,f
Dayna,f
Debbi,f
Debroah,f
Jaye,f
Monique,f
Tami,f
Taryn,f
Lorinda,f
Moira,f
Melodee,f
Sheryll,f
Trena,f
Noemi,f
Leesa,f
Marisa,f
Dawna,f
Tracie,f
Dani,f
Sheena,f
Dara,f
Kelli,f
Shawna,f
Barb,f
Kathey,f
Kellie,f
Wendi,f
Gaylene,f
Liz,f
Jeanna,f
Kara,f
Leisa,f
Chandra,f
Dori,f
Jami,f
Meg,f
Maritza,f
Stacie,f
Glynis,f
Juli,f
Babette,f
Tammie,f
Tamera,f
Tamra,f
Traci,f
Tammi,f
Deb,f
Tamela,f
Cyndi,f
Gabrielle,f
Cathi,f
Erika,f
Candi,f
Jacki,f
Nilda,f
Keri,f
Sarita,f
Tia,f
Bridgette,f
Tamie,f
Brigitte,f
Suzy,f
Kirsten,f
Tambra,f
Missy,f
Gigi,f
Perri,f
Karrie,f
Lissa,f
Lanita,f
Suzie,f
Bev,f
Alyson,f
Tresa,f
Kandi,f
Bridgett,f
Cari,f
Tori,f
Alesia,f
Ivette,f
Kerrie,f
Renea,f
Angelica,f
Liane,f
Shelli,f
Lesia,f
Penni,f
Tonja,f
Keely,f
Melisa,f
Tari,f
Deedee,f
Kayla,f
Lisha,f
Misty,f
Deidra,f
Leisha,f
Elana,f
Adriana,f
Loriann,f
Tania,f
Dedra,f
Evette,f
Latanya,f
Fawn,f
Risa,f
Krystal,f
Deeann,f
Johnna,f
Velvet,f
Corina,f
Jeana,f
Angelique,f
Marnita,f
Jonna,f
Machelle,f
Maribel,f
Barbie,f
Loria,f
Gwyn,f
Shanna,f
Monika,f
Trisha,f
Alecia,f
Janene,f
Latonya,f
Staci,f
Stefanie,f
Melonie,f
Marisol,f
Aretha,f
Marti,f
Darci,f
Adriene,f
Dawne,f
Charisse,f
Shirl,f
Lesli,f
Jena,f
Brigette,f
Tamala,f
Shana,f
Delisa,f
Maricela,f
Alyssa,f
Michell,f
Tonda,f
Richelle,f
Jeanmarie,f
Marissa,f
Melony,f
Deneen,f
Mia,f
Kecia,f
Djuna,f
Djuana,f
Noelle,f
Renata,f
Tessa,f
Anjanette,f
Denine,f
Daneen,f
Holli,f
Kimberli,f
Linette,f
Christal,f
Alisha,f
Elaina,f
Karri,f
Delinda,f
Tyra,f
Tawana,f
Marnie,f
Dionne,f
Kimberlie,f
Gabriela,f
Casandra,f
Marni,f
Tangela,f
Kimberely,f
Shanda,f
Demetria,f
Lavonda,f
Natasha,f
Mechelle,f
Shonda,f
Yolonda,f
Brigid,f
Julianna,f
Carin,f
Keli,f
Gia,f
Latricia,f
Lizette,f
Cristine,f
Bethann,f
Tabatha,f
Joelle,f
Lara,f
Sonji,f
Tamatha,f
Tasha,f
Tatia,f
Gidget,f
Latonia,f
Brandi,f
Nichole,f
Alissa,f
Demetra,f
Joell,f
Inger,f
Caprice,f
Denita,f
Mellissa,f
Lia,f
Catrina,f
Milissa,f
Sunday,f
Meghan,f
Andria,f
Nichelle,f
Cami,f
Anissa,f
Josette,f
Lissette,f
Adriane,f
Windy,f
Kami,f
Buffy,f
Karie,f
Keisha,f
Wende,f
Tawnya,f
Danelle,f
Misti,f
Tisha,f
Larissa,f
Darcie,f
Mayra,f
Sebrina,f
Ericka,f
Towanda,f
Michaela,f
Cristy,f
Cherise,f
Tanja,f
Carie,f
Carri,f
Tiffani,f
Coretta,f
Tamiko,f
Tamika,f
Chantel,f
Shannan,f
Kristal,f
Davina,f
Kirstin,f
Latrice,f
Jolie,f
Cristi,f
Cori,f
Araceli,f
Stephenie,f
Melissia,f
Chantal,f
Corrina,f
Gillian,f
Rolanda,f
Nicola,f
Kellee,f
Shani,f
Chanda,f
Cinnamon,f
Chelsea,f
Ami,f
Racquel,f
Nicolle,f
Autumn,f
Kisha,f
Latasha,f
Shonna,f
Christin,f
Latisha,f
Dione,f
Jada,f
Kyra,f
Mindi,f
Shona,f
Mellisa,f
Christen,f
Alexandria,f
Sharonda,f
Julissa,f
Karina,f
Kira,f
Tawanda,f
Marisela,f
Terra,f
Lashonda,f
Tera,f
Toya,f
Carissa,f
Stefani,f
Kesha,f
Tisa,f
Maya,f
Angella,f
Tiffanie,f
Trista,f
Raina,f
Crista,f
Kristan,f
Tawanna,f
Niki,f
Serina,f
Shawnda,f
Tosha,f
Christel,f
Tracee,f
Dyan,f
Tanisha,f
Chantelle,f
Stephany,f
Treena,f
Yesenia,f
Candida,f
Tarsha,f
Tameka,f
Ayanna,f
Jenni,f
Brandie,f
Shantel,f
Ebony,f
Shayla,f
Kia,f
Alysia,f
Summer,f
Jenna,f
Latoya,f
Cristal,f
Shanta,f
Shalonda,f
Angelic,f
Brenna,f
Alycia,f
Damaris,f
Consuela,f
Lashanda,f
Adria,f
Lasonya,f
Shara,f
Katina,f
Catina,f
Cher,f
Lakisha,f
Chastity,f
Nikole,f
Contina,f
Chiquita,f
Chasity,f
Nichol,f
Brandee,f
Camisha,f
Lakesha,f
Anika,f
Cherilyn,f
Alejandra,f
Lakeisha,f
Latosha,f
Keena,f
Sasha,f
Nikita,f
Cristin,f
Rocio,f
Tomika,f
Tomeka,f
Racheal,f
Griselda,f
Keesha,f
Liliana,f
Stephaine,f
Bree,f
Latrina,f
Felisha,f
Layla,f
Celena,f
Jenniffer,f
Rebeca,f
Sherita,f
Kori,f
Alethea,f
Carly,f
Aisha,f
Cicely,f
Anitra,f
Bianca,f
Vonetta,f
Latarsha,f
Nyree,f
Alexa,f
Fatima,f
Keshia,f
Daniela,f
Danyelle,f
Mendy,f
Charissa,f
Shantell,f
Marquita,f
Briana,f
Chanel,f
Danyell,f
Sunshine,f
Nia,f
Nikia,f
Jamila,f
Tanika,f
Brande,f
Meagan,f
Jasmin,f
Maranda,f
Lakeshia,f
Kyla,f
Syreeta,f
Luciana,f
Tobi,f
Alanna,f
Mistie,f
Tamica,f
Carisa,f
Cherish,f
Cecily,f
Haley,f
Mandi,f
Daniele,f
Tamisha,f
Tanesha,f
Danyel,f
Gabriella,f
Tiana,f
Mandie,f
Harmony,f
Shameka,f
Spring,f
Destiny,f
Nakisha,f
Tamekia,f
Ayana,f
Rashida,f
Yadira,f
Alesha,f
Kacey,f
Shawanda,f
Shamika,f
Takisha,f
Pepper,f
Kandice,f
Alina,f
Meggan,f
Farrah,f
Tennille,f
Nadia,f
Rhiannon,f
Jillian,f
January,f
Khalilah,f
Janae,f
Jaimee,f
Farah,f
Chana,f
Sommer,f
Shayna,f
Shasta,f
Torrie,f
Ashlee,f
Carina,f
Chaka,f
Trish,f
Rayna,f
Brianna,f
Eboni,f
Kenisha,f
Caitlin,f
Latoria,f
Torie,f
Venessa,f
Shanika,f
Shandra,f
Kizzy,f
Qiana,f
Talia,f
Hayley,f
Shawnte,f
Shante,f
Salena,f
Liana,f
Quiana,f
Kamilah,f
Shalon,f
Latesha,f
Iesha,f
Brittney,f
Danica,f
Jenelle,f
Yasmin,f
Lashunda,f
Malia,f
Adrianna,f
Tarah,f
Tenisha,f
Shawnna,f
Chante,f
Karissa,f
Corie,f
Chrissy,f
Kylie,f
Aja,f
Meghann,f
Crissy,f
Meaghan,f
Shavon,f
Brianne,f
Krissy,f
Shavonne,f
Lacie,f
Shanita,f
Desirae,f
Abbey,f
Lyndsey,f
Shaunna,f
Marlana,f
Ariane,f
Kylee,f
Sierra,f
Leia,f
Natosha,f
Ariana,f
Somer,f
Ashleigh,f
Star,f
Alaina,f
Casie,f
Kindra,f
Precious,f
Kiana,f
Winter,f
Viviana,f
Breanne,f
Siobhan,f
Maren,f
Kylene,f
Breanna,f
Ashanti,f
Asia,f
Lyndsay,f
Sharee,f
Kacy,f
Princess,f
Ayesha,f
Rikki,f
Lynsey,f
Shaneka,f
Linsey,f
Loni,f
Perla,f
Kristyn,f
Anya,f
Mariana,f
Renada,f
Kacie,f
Britney,f
Reyna,f
Chimere,f
Kaci,f
Brynn,f
Laci,f
Tai,f
Ashlie,f
Jessi,f
Tatiana,f
Kati,f
Krystle,f
Tierra,f
Tiara,f
Fallon,f
Evita,f
Kaitlin,f
Martine,f
Kassandra,f
Jesica,f
Alexia,f
Toccara,f
Latoyia,f
Tashina,f
Chaya,f
Joi,f
Daniella,f
Katelyn,f
Kandace,f
Shanell,f
Kourtney,f
Nereida,f
Jazmin,f
Chelsey,f
Kaleena,f
Kala,f
Kassie,f
Jenilee,f
Emilee,f
Cassondra,f
Shaina,f
Shakira,f
Ciara,f
Hailey,f
Kali,f
Shena,f
Falon,f
Tawny,f
Arielle,f
Ashly,f
Chelsie,f
Tenika,f
Sharita,f
Cristen,f
Tabetha,f
Krysta,f
Carley,f
Arianna,f
Mallory,f
Kaitlyn,f
Ciji,f
Ashely,f
Giselle,f
Tess,f
Maegan,f
Echo,f
Dwan,f
Britni,f
Ashli,f
Paola,f
Ashlea,f
Caitlyn,f
Tyesha,f
Maira,f
Brittani,f
Tasia,f
Grisel,f
Kaylee,f
Shenna,f
Teela,f
Savanna,f
Breann,f
Mckenzie,f
Janessa,f
Kasandra,f
Markita,f
Karly,f
Magen,f
Dannielle,f
Cierra,f
Sade,f
Krystina,f
Micaela,f
Ciera,f
Brittni,f
Kayleigh,f
Britany,f
Alyse,f
Deandra,f
Brittny,f
Kaley,f
Alysha,f
Jazmine,f
Shaquita,f
Krysten,f
Brittanie,f
Krystin,f
Magan,f
Katelin,f
Violeta,f
Kasie,f
Jessika,f
Kelsie,f
Mariel,f
Shira,f
Jaqueline,f
Amberly,f
Samatha,f
Eliana,f
Kaleigh,f
Nakita,f
Phylicia,f
Brittaney,f
Katlyn,f
Shardae,f
Jerrica,f
Porsha,f
Britta,f
Sharde,f
Cherrelle,f
Katelynn,f
Mallorie,f
Cherelle,f
Malorie,f
Sable,f
Kaila,f
Ashlyn,f
Shanae,f
Sharday,f
Fabiola,f
Iliana,f
Kyrie,f
Leandra,f
Shatara,f
Kortney,f
Janay,f
Ayla,f
Cayla,f
Yessenia,f
Skye,f
Kelsi,f
Jerica,f
Tiera,f
Jesenia,f
Kaela,f
Karli,f
Porsche,f
Kalyn,f
Chanelle,f
Alessandra,f
Lakendra,f
Lauryn,f
Kaycee,f
Kailey,f
Denisse,f
Jessenia,f
Anjelica,f
Sarai,f
Tianna,f
Kaylin,f
Kaylyn,f
Denisha,f
Stephani,f
Kaylie,f
Danae,f
Shanice,f
Jaleesa,f
Jalisa,f
Whitley,f
Deja,f
Taja,f
Chelsi,f
Genesis,f
Katlin,f
Kimber,f
Brittnee,f
Kierra,f
Alexandrea,f
Anais,f
Allyssa,f
Kiersten,f
Breana,f
Diandra,f
Sarina,f
Lizbeth,f
Kiera,f
Katarina,f
Jalissa,f
Hali,f
Carli,f
Tiarra,f
Grecia,f
Moriah,f
Kaitlynn,f
Brittnie,f
Flor,f
Elizabet,f
Alexandr,f
Britny,f
Katherin,f
Mikayla,f
Audrianna,f
Kirstie,f
Asha,f
Kallie,f
Kelsea,f
Bryanna,f
Audriana,f
Danika,f
Gianna,f
Makayla,f
Martika,f
Mikaela,f
Destinee,f
Brittnay,f
Yajaira,f
Yasmine,f
Shaniqua,f
Shanelle,f
Lizeth,f
Joana,f
Ryann,f
Isamar,f
Latifah,f
Kanisha,f
Rubi,f
Mariela,f
Symone,f
Ivana,f
Heaven,f
Lucero,f
Shelbi,f
Alysa,f
Dulce,f
Brooklyn,f
Nataly,f
Imani,f
Kalie,f
Alannah,f
Fiona,f
Kanesha,f
Laken,f
Haleigh,f
Eryn,f
Elyssa,f
Shelbie,f
Demi,f
Ieshia,f
Makenzie,f
Shanequa,f
Karlee,f
Haylee,f
Cheyanne,f
Estefania,f
Halie,f
Chynna,f
Karlie,f
Stormy,f
Delaney,f
Carlee,f
Kailee,f
Alayna,f
Mckenna,f
Shaquana,f
Tiesha,f
Brielle,f
Marcela,f
Myranda,f
Miriah,f
Alexus,f
Kelcie,f
Emerald,f
Giovanna,f
Bryana,f
China,f
Essence,f
Bria,f
Aracely,f
Aubree,f
Chelsy,f
Miesha,f
Cinthia,f
Brianda,f
Hailee,f
Karley,f
Ashlynn,f
Macey,f
Tatyana,f
Shawnee,f
Brea,f
Joselyn,f
Ivonne,f
Katerina,f
Marlee,f
Breonna,f
Shaniece,f
Kaylynn,f
Kinsey,f
Kenia,f
Destini,f
Kayley,f
Lexus,f
Selene,f
Yaritza,f
Khadijah,f
Kadijah,f
Halle,f
Brionna,f
Destiney,f
Jazmyn,f
Yazmin,f
Itzel,f
Kassidy,f
Coraima,f
Shannen,f
Kailyn,f
Kalene,f
Katlynn,f
Lexi,f
Deyanira,f
Yasmeen,f
Shyanne,f
Viridiana,f
Kaylene,f
Crysta,f
Reina,f
Alondra,f
Kayli,f
Nayeli,f
Jasmyn,f
Aspen,f
Jasmyne,f
Paloma,f
Eleni,f
Hana,f
Aaliyah,f
Aliyah,f
Dalia,f
Zhane,f
Mckayla,f
Clarisa,f
Mikala,f
Dayana,f
Maddison,f
Kianna,f
Kenzie,f
Bailee,f
Sydnee,f
Haylie,f
Nohely,f
Makenna,f
Vanesa,f
Cydney,f
Aleah,f
Shyann,f
Valentina,f
Caitlynn,f
Tatum,f
Adilene,f
Isis,f
Tatianna,f
Baylee,f
Shania,f
Jocelyne,f
Daisha,f
Kaelyn,f
Jayla,f
Dasia,f
Emely,f
Sydni,f
Abbigail,f
Miracle,f
Zoey,f
Unique,f
Iridian,f
Brooklynn,f
Alia,f
Keanna,f
Alivia,f
Daija,f
Sydnie,f
Fernanda,f
Daja,f
Lesly,f
Annika,f
Kyleigh,f
Sienna,f
Ciarra,f
Maci,f
Destany,f
Tamia,f
Moesha,f
Odalys,f
Yamilex,f
Zaria,f
Mireya,f
Alize,f
Xena,f
Dania,f
Katia,f
Maia,f
Amani,f
Shianne,f
Madisen,f
Odalis,f
Kaylah,f
Sarahi,f
Jailene,f
Jazlyn,f
Alyssia,f
Chyna,f
Estefany,f
Ansley,f
Madyson,f
Jaycie,f
Jacey,f
Lexis,f
Daijah,f
Joslyn,f
Dejah,f
Yulissa,f
Anahi,f
Aylin,f
Julisa,f
Salma,f
Madisyn,f
Erykah,f
Gisselle,f
Raegan,f
Tea,f
Estrella,f
Jayda,f
Rylie,f
Makala,f
Taya,f
Kaylan,f
Camila,f
Annalise,f
Jazmyne,f
Keeley,f
Shaylee,f
Savana,f
Madelynn,f
Micayla,f
Maeve,f
Nautica,f
Cali,f
Serenity,f
Yulisa,f
Baylie,f
Samara,f
Mya,f
Ally,f
Myah,f
Reanna,f
Madilyn,f
Felicity,f
Ireland,f
Skyla,f
Willow,f
Jaida,f
Abigayle,f
Jaelyn,f
Rhianna,f
Amira,f
Shae,f
Zoie,f
Caleigh,f
Abril,f
Deasia,f
Kaylen,f
Tayla,f
Alexys,f
Jaycee,f
Jayde,f
Kennedi,f
Amaya,f
Piper,f
Aniya,f
Noelia,f
Kiarra,f
Shaniya,f
Keara,f
Emmalee,f
Aiyana,f
Miya,f
Jalyn,f
Nyasia,f
Aniyah,f
Jaylene,f
Kyara,f
Citlalli,f
Abigale,f
Isabela,f
Tatyanna,f
Journey,f
Ryleigh,f
Aliya,f
Sky,f
Shyla,f
Bryn,f
Abagail,f
Izabella,f
Nya,f
Saige,f
Jakayla,f
Litzy,f
Brisa,f
Amya,f
Jackeline,f
Kaya,f
Jaquelin,f
Hailie,f
Nyah,f
Amara,f
Dariana,f
Yamilet,f
Monserrat,f
Cielo,f
Aryanna,f
Anaya,f
Arely,f
Kaia,f
Maryam,f
Anjali,f
Lilliana,f
Amiya,f
Belen,f
Aliza,f
Keira,f
Janiya,f
Ashtyn,f
Neha,f
Laisha,f
Amina,f
Jailyn,f
Kenna,f
Iyana,f
Maiya,f
Marlen,f
Nevaeh,f
Ainsley,f
Yuliana,f
Beyonce,f
Nayely,f
Johana,f
Nallely,f
Kaiya,f
Meadow,f
Makaila,f
Kya,f
Ximena,f
Jimena,f
Melany,f
Jamya,f
Taina,f
Aubrie,f
Frida,f
Kaliyah,f
Mikaila,f
Taliyah,f
Taniya,f
Citlali,f
Annabella,f
Dafne,f
Hayleigh,f
Yoselin,f
Areli,f
Madalynn,f
Priscila,f
Miah,f
Keila,f
Natalya,f
Jaylynn,f
Rianna,f
Sheyla,f
Aryana,f
Elle,f
Lisbeth,f
Evelin,f
Makena,f
Jaliyah,f
Keyla,f
Giana,f
Maleah,f
Shreya,f
Maliyah,f
Samira,f
Jalynn,f
Galilea,f
Riya,f
Cadence,f
Iyanna,f
Kiya,f
Jaylyn,f
Estefani,f
Yareli,f
Dayanara,f
Janiyah,f
Taniyah,f
Sanaa,f
Yahaira,f
Kadence,f
Amiyah,f
Tamya,f
Sherlyn,f
Natalee,f
Lainey,f
Angeles,f
Karyme,f
Arly,f
Saniya,f
Sariah,f
Kaydence,f
Alani,f
Amaris,f
Charlize,f
Kimora,f
Xiomara,f
Marin,f
Diya,f
Treasure,f
Aleena,f
Saniyah,f
Addyson,f
Karis,f
Gracelyn,f
Jaylee,f
Nathaly,f
Livia,f
Jayleen,f
Janiah,f
Gwyneth,f
Zariah,f
Averie,f
Heidy,f
Mikalah,f
Arleth,f
Karma,f
Siena,f
Jaelynn,f
Anabelle,f
Naima,f
Anneliese,f
Zara,f
Elliana,f
Kinsley,f
Selah,f
Jolette,f
Brylee,f
Myla,f
Yuridia,f
Montserrat,f
Valery,f
Lilianna,f
Leyla,f
Rihanna,f
Addisyn,f
Akeelah,f
Adison,f
Lilyana,f
Nathalia,f
Paisley,f
Yaretzi,f
Scarlet,f
Braelyn,f
Kamila,f
Cailyn,f
Bethzy,f
Adyson,f
Joselin,f
Mariyah,f
Kinley,f
Jaylah,f
Charlee,f
Adamaris,f
Malaya,f
Khloe,f
Amirah,f
Briley,f
Jorja,f
Rayne,f
Sanai,f
Dahlia,f
Lorelai,f
Neveah,f
Izabelle,f
Miley,f
Mylee,f
Jordin,f
Jaslene,f
Audrina,f
Azul,f
Marely,f
Shiloh,f
Madilynn,f
Jaeda,f
Jazlynn,f
Londyn,f
Giada,f
Adelyn,f
Jocelynn,f
Mylie,f
Adalyn,f
Aliana,f
Giuliana,f
Azaria,f
Zaniyah,f
Alyvia,f
Joseline,f
Kelis,f
Lillianna,f
Kylah,f
Hadassah,f
Allisson,f
Caylee,f
Mareli,f
Dayami,f
Alisson,f
Nylah,f
Jazlene,f
Adalynn,f
Jaslyn,f
Gemma,f
Lailah,f
Brynlee,f
Raelynn,f
Marlie,f
Anabella,f
Ariella,f
Kamora,f
Paityn,f
Payten,f
Amiah,f
Averi,f
Avah,f
Karsyn,f
Jamiya,f
Laylah,f
Carleigh,f
Kenley,f
Sloane,f
Elianna,f
